campaign_spend_id,campaign_id,spend_date,spend
1,1,2025-01-01,0.000000
2,1,2025-01-02,5.064828
3,1,2025-01-03,3.651488
4,1,2025-01-04,3.287939
5,1,2025-01-05,6.690797
6,1,2025-01-06,5.739334
7,1,2025-01-07,8.634832
8,1,2025-01-08,5.653898
9,1,2025-01-09,17.464014
10,1,2025-01-10,14.424836
11,1,2025-01-11,21.434829
12,1,2025-01-12,20.402855
13,1,2025-01-13,18.770540
14,1,2025-01-14,21.540780
15,1,2025-01-15,10.342580
16,1,2025-01-16,21.283707
17,1,2025-01-17,26.581669
18,1,2025-01-18,21.300828
19,1,2025-01-19,19.329922
20,1,2025-01-20,10.558196
21,1,2025-01-21,13.918806
22,1,2025-01-22,14.511926
23,1,2025-01-23,11.555952
24,1,2025-01-24,26.740327
25,1,2025-01-25,12.628876
26,1,2025-01-26,14.701188
27,1,2025-01-27,8.935321
28,1,2025-01-28,18.531697
29,1,2025-01-29,15.521074
30,1,2025-01-30,10.785081
31,1,2025-01-31,16.394537
32,1,2025-02-01,14.995183
33,1,2025-02-02,15.808890
34,1,2025-02-03,14.164690
35,1,2025-02-04,12.380379
36,1,2025-02-05,21.892965
37,1,2025-02-06,16.028120
38,1,2025-02-07,23.098467
39,1,2025-02-08,7.222513
40,1,2025-02-09,10.114057
41,1,2025-02-10,12.533631
42,1,2025-02-11,22.393638
43,1,2025-02-12,5.660206
44,1,2025-02-13,11.329174
45,1,2025-02-14,21.377146
46,1,2025-02-15,14.145459
47,1,2025-02-16,37.259974
48,1,2025-02-17,14.294361
49,1,2025-02-18,7.102935
50,1,2025-02-19,20.430318
51,1,2025-02-20,12.604529
52,1,2025-02-21,12.284711
53,1,2025-02-22,12.240106
54,1,2025-02-23,20.024212
55,1,2025-02-24,13.811714
56,1,2025-02-25,22.877596
57,1,2025-02-26,11.548107
58,1,2025-02-27,15.496352
59,1,2025-02-28,15.145623
60,1,2025-03-01,8.386206
61,1,2025-03-02,27.864581
62,1,2025-03-03,21.427019
63,1,2025-03-04,13.176180
64,1,2025-03-05,20.898001
65,1,2025-03-06,13.573580
66,1,2025-03-07,9.979481
67,1,2025-03-08,18.799726
68,1,2025-03-09,16.255179
69,1,2025-03-10,22.916422
70,1,2025-03-11,14.506955
71,1,2025-03-12,23.842393
72,1,2025-03-13,9.165282
73,1,2025-03-14,13.880890
74,1,2025-03-15,16.355881
75,1,2025-03-16,16.008039
76,1,2025-03-17,18.515053
77,1,2025-03-18,11.707482
78,1,2025-03-19,20.902394
79,1,2025-03-20,28.157009
80,1,2025-03-21,17.713242
81,1,2025-03-22,26.399566
82,1,2025-03-23,11.853359
83,1,2025-03-24,18.060354
84,1,2025-03-25,21.902147
85,1,2025-03-26,31.153923
86,1,2025-03-27,20.608855
87,1,2025-03-28,16.816463
88,1,2025-03-29,13.442692
89,1,2025-03-30,0.000000
90,1,2025-03-31,0.000000
91,2,2025-01-01,0.000000
92,2,2025-01-02,0.954524
93,2,2025-01-03,6.017045
94,2,2025-01-04,2.109315
95,2,2025-01-05,5.445220
96,2,2025-01-06,7.829640
97,2,2025-01-07,13.195132
98,2,2025-01-08,12.037006
99,2,2025-01-09,12.786202
100,2,2025-01-10,19.915576
101,2,2025-01-11,18.973602
102,2,2025-01-12,9.486501
103,2,2025-01-13,15.894026
104,2,2025-01-14,12.536482
105,2,2025-01-15,23.856833
106,2,2025-01-16,23.270896
107,2,2025-01-17,23.492129
108,2,2025-01-18,16.636925
109,2,2025-01-19,12.349191
110,2,2025-01-20,8.084337
111,2,2025-01-21,24.511864
112,2,2025-01-22,21.013463
113,2,2025-01-23,14.643338
114,2,2025-01-24,10.358760
115,2,2025-01-25,25.317004
116,2,2025-01-26,9.939586
117,2,2025-01-27,7.872457
118,2,2025-01-28,10.153718
119,2,2025-01-29,8.471993
120,2,2025-01-30,10.896791
121,2,2025-01-31,16.876510
122,2,2025-02-01,17.420500
123,2,2025-02-02,20.703819
124,2,2025-02-03,17.287201
125,2,2025-02-04,12.201076
126,2,2025-02-05,10.188540
127,2,2025-02-06,24.481488
128,2,2025-02-07,16.514611
129,2,2025-02-08,19.611859
130,2,2025-02-09,13.693397
131,2,2025-02-10,8.619565
132,2,2025-02-11,13.279489
133,2,2025-02-12,20.765776
134,2,2025-02-13,17.337921
135,2,2025-02-14,21.042939
136,2,2025-02-15,11.672648
137,2,2025-02-16,20.290539
138,2,2025-02-17,15.248788
139,2,2025-02-18,15.845910
140,2,2025-02-19,17.702776
141,2,2025-02-20,8.758448
142,2,2025-02-21,17.214496
143,2,2025-02-22,14.854808
144,2,2025-02-23,19.624242
145,2,2025-02-24,20.892451
146,2,2025-02-25,14.490175
147,2,2025-02-26,18.124226
148,2,2025-02-27,16.397780
149,2,2025-02-28,16.609457
150,2,2025-03-01,19.840374
151,2,2025-03-02,10.449920
152,2,2025-03-03,12.151237
153,2,2025-03-04,15.313303
154,2,2025-03-05,12.855240
155,2,2025-03-06,17.591965
156,2,2025-03-07,13.386298
157,2,2025-03-08,11.650425
158,2,2025-03-09,9.632977
159,2,2025-03-10,17.003395
160,2,2025-03-11,13.005098
161,2,2025-03-12,16.195966
162,2,2025-03-13,13.931286
163,2,2025-03-14,18.052492
164,2,2025-03-15,15.428370
165,2,2025-03-16,17.783041
166,2,2025-03-17,14.250124
167,2,2025-03-18,21.643108
168,2,2025-03-19,20.034639
169,2,2025-03-20,15.155080
170,2,2025-03-21,7.541453
171,2,2025-03-22,18.364626
172,2,2025-03-23,25.307776
173,2,2025-03-24,22.394181
174,2,2025-03-25,18.274515
175,2,2025-03-26,22.157177
176,2,2025-03-27,21.819939
177,2,2025-03-28,15.411139
178,2,2025-03-29,7.657842
179,2,2025-03-30,0.000000
180,2,2025-03-31,0.000000
181,3,2025-01-01,0.016396
182,3,2025-01-02,0.681759
183,3,2025-01-03,0.337001
184,3,2025-01-04,1.385454
185,3,2025-01-05,2.046336
186,3,2025-01-06,0.955567
187,3,2025-01-07,4.008581
188,3,2025-01-08,3.462618
189,3,2025-01-09,2.734989
190,3,2025-01-10,0.356289
191,3,2025-01-11,4.761883
192,3,2025-01-12,2.224373
193,3,2025-01-13,2.975741
194,3,2025-01-14,4.861906
195,3,2025-01-15,3.109565
196,3,2025-01-16,4.069357
197,3,2025-01-17,2.422648
198,3,2025-01-18,2.720668
199,3,2025-01-19,3.188185
200,3,2025-01-20,5.538027
201,3,2025-01-21,3.530845
202,3,2025-01-22,4.293963
203,3,2025-01-23,3.380627
204,3,2025-01-24,3.161680
205,3,2025-01-25,2.585993
206,3,2025-01-26,3.138392
207,3,2025-01-27,2.002619
208,3,2025-01-28,2.861649
209,3,2025-01-29,3.415691
210,3,2025-01-30,3.778066
211,3,2025-01-31,5.163833
212,3,2025-02-01,4.824962
213,3,2025-02-02,6.030862
214,3,2025-02-03,4.305724
215,3,2025-02-04,3.321597
216,3,2025-02-05,3.104552
217,3,2025-02-06,3.603206
218,3,2025-02-07,5.222773
219,3,2025-02-08,4.016796
220,3,2025-02-09,4.938879
221,3,2025-02-10,4.286114
222,3,2025-02-11,3.577487
223,3,2025-02-12,2.036961
224,3,2025-02-13,3.672877
225,3,2025-02-14,3.878113
226,3,2025-02-15,3.916097
227,3,2025-02-16,1.859213
228,3,2025-02-17,4.175587
229,3,2025-02-18,5.304404
230,3,2025-02-19,2.819395
231,3,2025-02-20,2.680974
232,3,2025-02-21,4.486822
233,3,2025-02-22,3.366717
234,3,2025-02-23,2.868971
235,3,2025-02-24,2.027501
236,3,2025-02-25,4.356891
237,3,2025-02-26,3.615844
238,3,2025-02-27,2.377763
239,3,2025-02-28,3.365609
240,3,2025-03-01,3.103423
241,3,2025-03-02,1.537612
242,3,2025-03-03,3.020360
243,3,2025-03-04,2.236192
244,3,2025-03-05,3.120798
245,3,2025-03-06,5.238765
246,3,2025-03-07,3.591650
247,3,2025-03-08,3.043013
248,3,2025-03-09,3.107770
249,3,2025-03-10,2.061515
250,3,2025-03-11,3.332304
251,3,2025-03-12,2.778351
252,3,2025-03-13,3.738455
253,3,2025-03-14,3.597734
254,3,2025-03-15,3.192199
255,3,2025-03-16,5.045823
256,3,2025-03-17,3.929673
257,3,2025-03-18,5.743493
258,3,2025-03-19,3.694087
259,3,2025-03-20,5.394796
260,3,2025-03-21,4.753122
261,3,2025-03-22,2.922023
262,3,2025-03-23,4.872418
263,3,2025-03-24,5.794260
264,3,2025-03-25,5.587507
265,3,2025-03-26,5.001988
266,3,2025-03-27,4.584841
267,3,2025-03-28,4.495309
268,3,2025-03-29,3.074301
269,3,2025-03-30,0.000000
270,3,2025-03-31,0.000000
271,4,2025-01-01,0.029924
272,4,2025-01-02,0.093851
273,4,2025-01-03,0.112404
274,4,2025-01-04,1.645274
275,4,2025-01-05,1.318390
276,4,2025-01-06,0.976526
277,4,2025-01-07,2.435826
278,4,2025-01-08,5.535824
279,4,2025-01-09,3.664795
280,4,2025-01-10,4.347952
281,4,2025-01-11,3.273906
282,4,2025-01-12,4.423844
283,4,2025-01-13,4.388087
284,4,2025-01-14,4.556361
285,4,2025-01-15,1.827705
286,4,2025-01-16,2.553806
287,4,2025-01-17,2.953056
288,4,2025-01-18,2.498458
289,4,2025-01-19,3.427947
290,4,2025-01-20,5.624767
291,4,2025-01-21,3.763242
292,4,2025-01-22,3.171549
293,4,2025-01-23,2.989573
294,4,2025-01-24,5.511544
295,4,2025-01-25,2.165849
296,4,2025-01-26,1.976653
297,4,2025-01-27,3.987955
298,4,2025-01-28,1.467615
299,4,2025-01-29,1.441509
300,4,2025-01-30,4.382595
301,4,2025-01-31,4.667909
302,4,2025-02-01,2.254546
303,4,2025-02-02,4.185140
304,4,2025-02-03,3.495384
305,4,2025-02-04,2.306060
306,4,2025-02-05,3.712523
307,4,2025-02-06,4.281460
308,4,2025-02-07,1.833423
309,4,2025-02-08,2.785115
310,4,2025-02-09,2.767955
311,4,2025-02-10,5.679300
312,4,2025-02-11,2.693323
313,4,2025-02-12,4.524936
314,4,2025-02-13,3.818439
315,4,2025-02-14,3.404829
316,4,2025-02-15,3.787960
317,4,2025-02-16,2.969244
318,4,2025-02-17,2.525254
319,4,2025-02-18,2.169421
320,4,2025-02-19,3.619040
321,4,2025-02-20,2.029198
322,4,2025-02-21,1.463019
323,4,2025-02-22,2.187787
324,4,2025-02-23,3.244521
325,4,2025-02-24,3.480443
326,4,2025-02-25,4.063262
327,4,2025-02-26,4.878339
328,4,2025-02-27,3.736997
329,4,2025-02-28,4.224465
330,4,2025-03-01,2.617641
331,4,2025-03-02,5.789126
332,4,2025-03-03,2.765197
333,4,2025-03-04,2.959632
334,4,2025-03-05,2.631602
335,4,2025-03-06,2.963793
336,4,2025-03-07,2.477432
337,4,2025-03-08,3.169738
338,4,2025-03-09,2.027704
339,4,2025-03-10,3.855761
340,4,2025-03-11,4.878346
341,4,2025-03-12,2.712117
342,4,2025-03-13,3.095201
343,4,2025-03-14,4.277910
344,4,2025-03-15,3.701622
345,4,2025-03-16,5.903475
346,4,2025-03-17,4.914037
347,4,2025-03-18,3.304615
348,4,2025-03-19,4.119728
349,4,2025-03-20,2.959049
350,4,2025-03-21,3.807280
351,4,2025-03-22,4.676114
352,4,2025-03-23,4.674469
353,4,2025-03-24,5.399128
354,4,2025-03-25,5.353866
355,4,2025-03-26,6.705121
356,4,2025-03-27,6.169907
357,4,2025-03-28,5.456330
358,4,2025-03-29,1.334762
359,4,2025-03-30,0.000000
360,4,2025-03-31,0.000000
361,5,2025-01-01,0.027098
362,5,2025-01-02,0.079075
363,5,2025-01-03,0.087809
364,5,2025-01-04,0.087546
365,5,2025-01-05,0.138037
366,5,2025-01-06,0.163380
367,5,2025-01-07,0.173754
368,5,2025-01-08,0.155670
369,5,2025-01-09,0.207027
370,5,2025-01-10,0.201980
371,5,2025-01-11,0.258653
372,5,2025-01-12,0.205389
373,5,2025-01-13,0.217239
374,5,2025-01-14,0.245017
375,5,2025-01-15,0.262129
376,5,2025-01-16,0.315876
377,5,2025-01-17,0.248057
378,5,2025-01-18,0.282038
379,5,2025-01-19,0.248179
380,5,2025-01-20,0.246034
381,5,2025-01-21,0.263804
382,5,2025-01-22,0.271686
383,5,2025-01-23,0.283831
384,5,2025-01-24,0.215808
385,5,2025-01-25,0.269875
386,5,2025-01-26,0.236595
387,5,2025-01-27,0.259548
388,5,2025-01-28,0.246726
389,5,2025-01-29,0.189223
390,5,2025-01-30,0.248939
391,5,2025-01-31,0.180358
392,5,2025-02-01,0.248421
393,5,2025-02-02,0.291231
394,5,2025-02-03,0.232414
395,5,2025-02-04,0.227427
396,5,2025-02-05,0.266651
397,5,2025-02-06,0.268242
398,5,2025-02-07,0.298040
399,5,2025-02-08,0.220622
400,5,2025-02-09,0.258305
401,5,2025-02-10,0.188229
402,5,2025-02-11,0.233734
403,5,2025-02-12,0.220083
404,5,2025-02-13,0.288322
405,5,2025-02-14,0.274966
406,5,2025-02-15,0.224233
407,5,2025-02-16,0.229052
408,5,2025-02-17,0.204100
409,5,2025-02-18,0.217393
410,5,2025-02-19,0.255087
411,5,2025-02-20,0.192505
412,5,2025-02-21,0.257662
413,5,2025-02-22,0.238573
414,5,2025-02-23,0.234114
415,5,2025-02-24,0.210200
416,5,2025-02-25,0.188643
417,5,2025-02-26,0.261184
418,5,2025-02-27,0.247072
419,5,2025-02-28,0.215579
420,5,2025-03-01,0.308623
421,5,2025-03-02,0.247907
422,5,2025-03-03,0.258980
423,5,2025-03-04,0.245033
424,5,2025-03-05,0.273072
425,5,2025-03-06,0.233504
426,5,2025-03-07,0.205493
427,5,2025-03-08,0.256664
428,5,2025-03-09,0.227215
429,5,2025-03-10,0.277844
430,5,2025-03-11,0.189160
431,5,2025-03-12,0.201781
432,5,2025-03-13,0.224547
433,5,2025-03-14,0.181404
434,5,2025-03-15,0.220272
435,5,2025-03-16,0.307090
436,5,2025-03-17,0.234058
437,5,2025-03-18,0.204760
438,5,2025-03-19,0.349727
439,5,2025-03-20,0.296856
440,5,2025-03-21,0.293230
441,5,2025-03-22,0.315711
442,5,2025-03-23,0.306969
443,5,2025-03-24,0.275537
444,5,2025-03-25,0.337383
445,5,2025-03-26,0.324329
446,5,2025-03-27,0.344132
447,5,2025-03-28,0.237466
448,5,2025-03-29,0.068588
449,5,2025-03-30,0.000000
450,5,2025-03-31,0.000000
451,6,2025-01-01,0.030627
452,6,2025-01-02,0.081076
453,6,2025-01-03,0.111708
454,6,2025-01-04,0.084853
455,6,2025-01-05,0.203198
456,6,2025-01-06,0.159686
457,6,2025-01-07,0.154904
458,6,2025-01-08,0.233224
459,6,2025-01-09,0.194511
460,6,2025-01-10,0.204544
461,6,2025-01-11,0.257526
462,6,2025-01-12,0.213520
463,6,2025-01-13,0.233671
464,6,2025-01-14,0.283512
465,6,2025-01-15,0.249172
466,6,2025-01-16,0.325649
467,6,2025-01-17,0.270804
468,6,2025-01-18,0.228025
469,6,2025-01-19,0.279524
470,6,2025-01-20,0.246526
471,6,2025-01-21,0.269264
472,6,2025-01-22,0.303453
473,6,2025-01-23,0.247330
474,6,2025-01-24,0.200803
475,6,2025-01-25,0.226918
476,6,2025-01-26,0.216477
477,6,2025-01-27,0.209350
478,6,2025-01-28,0.227145
479,6,2025-01-29,0.226989
480,6,2025-01-30,0.233467
481,6,2025-01-31,0.220694
482,6,2025-02-01,0.249834
483,6,2025-02-02,0.241080
484,6,2025-02-03,0.321141
485,6,2025-02-04,0.244821
486,6,2025-02-05,0.264422
487,6,2025-02-06,0.274362
488,6,2025-02-07,0.239420
489,6,2025-02-08,0.243757
490,6,2025-02-09,0.262734
491,6,2025-02-10,0.201592
492,6,2025-02-11,0.230909
493,6,2025-02-12,0.255170
494,6,2025-02-13,0.275407
495,6,2025-02-14,0.247821
496,6,2025-02-15,0.266337
497,6,2025-02-16,0.247575
498,6,2025-02-17,0.204742
499,6,2025-02-18,0.298284
500,6,2025-02-19,0.209724
501,6,2025-02-20,0.258953
502,6,2025-02-21,0.201617
503,6,2025-02-22,0.250889
504,6,2025-02-23,0.234477
505,6,2025-02-24,0.238569
506,6,2025-02-25,0.213301
507,6,2025-02-26,0.238789
508,6,2025-02-27,0.257512
509,6,2025-02-28,0.269916
510,6,2025-03-01,0.327815
511,6,2025-03-02,0.280075
512,6,2025-03-03,0.229506
513,6,2025-03-04,0.284851
514,6,2025-03-05,0.257071
515,6,2025-03-06,0.249515
516,6,2025-03-07,0.228463
517,6,2025-03-08,0.244786
518,6,2025-03-09,0.287169
519,6,2025-03-10,0.233655
520,6,2025-03-11,0.228676
521,6,2025-03-12,0.223001
522,6,2025-03-13,0.256160
523,6,2025-03-14,0.234474
524,6,2025-03-15,0.254400
525,6,2025-03-16,0.255544
526,6,2025-03-17,0.235914
527,6,2025-03-18,0.248939
528,6,2025-03-19,0.314750
529,6,2025-03-20,0.329734
530,6,2025-03-21,0.293845
531,6,2025-03-22,0.344369
532,6,2025-03-23,0.251765
533,6,2025-03-24,0.297767
534,6,2025-03-25,0.320868
535,6,2025-03-26,0.287679
536,6,2025-03-27,0.368732
537,6,2025-03-28,0.263139
538,6,2025-03-29,0.033149
539,6,2025-03-30,0.000000
540,6,2025-03-31,0.000000
541,7,2025-01-01,0.000000
542,7,2025-01-02,0.491472
543,7,2025-01-03,0.000000
544,7,2025-01-04,0.000000
545,7,2025-01-05,0.998277
546,7,2025-01-06,1.117287
547,7,2025-01-07,2.265679
548,7,2025-01-08,1.228750
549,7,2025-01-09,1.039957
550,7,2025-01-10,2.778559
551,7,2025-01-11,4.372010
552,7,2025-01-12,4.086805
553,7,2025-01-13,4.276881
554,7,2025-01-14,2.392841
555,7,2025-01-15,3.389809
556,7,2025-01-16,1.242203
557,7,2025-01-17,7.344081
558,7,2025-01-18,4.812412
559,7,2025-01-19,1.748456
560,7,2025-01-20,2.848592
561,7,2025-01-21,3.360551
562,7,2025-01-22,2.524597
563,7,2025-01-23,1.751533
564,7,2025-01-24,1.815525
565,7,2025-01-25,5.791450
566,7,2025-01-26,7.579444
567,7,2025-01-27,6.480808
568,7,2025-01-28,1.311104
569,7,2025-01-29,5.342828
570,7,2025-01-30,1.729451
571,7,2025-01-31,6.052559
572,7,2025-02-01,2.157191
573,7,2025-02-02,5.267214
574,7,2025-02-03,1.490275
575,7,2025-02-04,3.548622
576,7,2025-02-05,4.772822
577,7,2025-02-06,2.500526
578,7,2025-02-07,3.089383
579,7,2025-02-08,3.791834
580,7,2025-02-09,0.626502
581,7,2025-02-10,5.523551
582,7,2025-02-11,5.915012
583,7,2025-02-12,3.455276
584,7,2025-02-13,1.789222
585,7,2025-02-14,1.073317
586,7,2025-02-15,5.675224
587,7,2025-02-16,1.601245
588,7,2025-02-17,3.211876
589,7,2025-02-18,2.088684
590,7,2025-02-19,0.000000
591,7,2025-02-20,6.208451
592,7,2025-02-21,5.032934
593,7,2025-02-22,1.531175
594,7,2025-02-23,4.467841
595,7,2025-02-24,6.002465
596,7,2025-02-25,1.719740
597,7,2025-02-26,1.520870
598,7,2025-02-27,1.148661
599,7,2025-02-28,1.213554
600,7,2025-03-01,1.173845
601,7,2025-03-02,3.986557
602,7,2025-03-03,2.584520
603,7,2025-03-04,1.502069
604,7,2025-03-05,2.705380
605,7,2025-03-06,3.045343
606,7,2025-03-07,3.676306
607,7,2025-03-08,6.352932
608,7,2025-03-09,4.900462
609,7,2025-03-10,4.486398
610,7,2025-03-11,2.700415
611,7,2025-03-12,2.714184
612,7,2025-03-13,1.764499
613,7,2025-03-14,1.685852
614,7,2025-03-15,4.465123
615,7,2025-03-16,1.479383
616,7,2025-03-17,4.336533
617,7,2025-03-18,3.034857
618,7,2025-03-19,5.960999
619,7,2025-03-20,0.730886
620,7,2025-03-21,6.246929
621,7,2025-03-22,2.674681
622,7,2025-03-23,5.020686
623,7,2025-03-24,5.672698
624,7,2025-03-25,4.496609
625,7,2025-03-26,2.940935
626,7,2025-03-27,5.665855
627,7,2025-03-28,4.221025
628,7,2025-03-29,0.480901
629,7,2025-03-30,0.000000
630,7,2025-03-31,0.000000
631,8,2025-01-01,0.000000
632,8,2025-01-02,0.552998
633,8,2025-01-03,1.115092
634,8,2025-01-04,0.000000
635,8,2025-01-05,2.939629
636,8,2025-01-06,0.722478
637,8,2025-01-07,1.145932
638,8,2025-01-08,1.195850
639,8,2025-01-09,2.549175
640,8,2025-01-10,1.225650
641,8,2025-01-11,3.549337
642,8,2025-01-12,3.295209
643,8,2025-01-13,4.699924
644,8,2025-01-14,5.164165
645,8,2025-01-15,4.016455
646,8,2025-01-16,7.800350
647,8,2025-01-17,1.363871
648,8,2025-01-18,1.978918
649,8,2025-01-19,1.644134
650,8,2025-01-20,1.230274
651,8,2025-01-21,5.186833
652,8,2025-01-22,1.641055
653,8,2025-01-23,0.000000
654,8,2025-01-24,2.356702
655,8,2025-01-25,1.547181
656,8,2025-01-26,1.146763
657,8,2025-01-27,2.428042
658,8,2025-01-28,2.781035
659,8,2025-01-29,5.349794
660,8,2025-01-30,7.261649
661,8,2025-01-31,1.608136
662,8,2025-02-01,6.545242
663,8,2025-02-02,2.741340
664,8,2025-02-03,2.700974
665,8,2025-02-04,2.325711
666,8,2025-02-05,1.569590
667,8,2025-02-06,3.140105
668,8,2025-02-07,3.780902
669,8,2025-02-08,4.201351
670,8,2025-02-09,2.393747
671,8,2025-02-10,2.847074
672,8,2025-02-11,5.963235
673,8,2025-02-12,3.500137
674,8,2025-02-13,4.642524
675,8,2025-02-14,4.517654
676,8,2025-02-15,6.958868
677,8,2025-02-16,5.001458
678,8,2025-02-17,4.220153
679,8,2025-02-18,3.375200
680,8,2025-02-19,1.782320
681,8,2025-02-20,1.140698
682,8,2025-02-21,3.652583
683,8,2025-02-22,3.957326
684,8,2025-02-23,1.643018
685,8,2025-02-24,2.723027
686,8,2025-02-25,1.221960
687,8,2025-02-26,2.024287
688,8,2025-02-27,3.996203
689,8,2025-02-28,5.662274
690,8,2025-03-01,2.405354
691,8,2025-03-02,4.288901
692,8,2025-03-03,1.000898
693,8,2025-03-04,1.130003
694,8,2025-03-05,3.090095
695,8,2025-03-06,7.511609
696,8,2025-03-07,5.048212
697,8,2025-03-08,0.838806
698,8,2025-03-09,2.822763
699,8,2025-03-10,3.964415
700,8,2025-03-11,3.297749
701,8,2025-03-12,0.771612
702,8,2025-03-13,3.744753
703,8,2025-03-14,2.193748
704,8,2025-03-15,4.962100
705,8,2025-03-16,3.721671
706,8,2025-03-17,5.793154
707,8,2025-03-18,5.498708
708,8,2025-03-19,4.591999
709,8,2025-03-20,5.065233
710,8,2025-03-21,4.676656
711,8,2025-03-22,4.391889
712,8,2025-03-23,6.678676
713,8,2025-03-24,8.116902
714,8,2025-03-25,6.738067
715,8,2025-03-26,2.527189
716,8,2025-03-27,6.787971
717,8,2025-03-28,1.088092
718,8,2025-03-29,1.503998
719,8,2025-03-30,0.000000
720,8,2025-03-31,0.000000
721,9,2025-01-01,0.031050
722,9,2025-01-02,0.066974
723,9,2025-01-03,0.105953
724,9,2025-01-04,0.141818
725,9,2025-01-05,0.158936
726,9,2025-01-06,0.175471
727,9,2025-01-07,0.267921
728,9,2025-01-08,0.242116
729,9,2025-01-09,0.244923
730,9,2025-01-10,0.210793
731,9,2025-01-11,0.257266
732,9,2025-01-12,0.304194
733,9,2025-01-13,0.241306
734,9,2025-01-14,0.274512
735,9,2025-01-15,0.339133
736,9,2025-01-16,0.324468
737,9,2025-01-17,0.297342
738,9,2025-01-18,0.282482
739,9,2025-01-19,0.327390
740,9,2025-01-20,0.261008
741,9,2025-01-21,0.356770
742,9,2025-01-22,0.332361
743,9,2025-01-23,0.239504
744,9,2025-01-24,0.335310
745,9,2025-01-25,0.283092
746,9,2025-01-26,0.322985
747,9,2025-01-27,0.248997
748,9,2025-01-28,0.277636
749,9,2025-01-29,0.309222
750,9,2025-01-30,0.331019
751,9,2025-01-31,0.248921
752,9,2025-02-01,0.299705
753,9,2025-02-02,0.305545
754,9,2025-02-03,0.320762
755,9,2025-02-04,0.334174
756,9,2025-02-05,0.335264
757,9,2025-02-06,0.304280
758,9,2025-02-07,0.251226
759,9,2025-02-08,0.294652
760,9,2025-02-09,0.421067
761,9,2025-02-10,0.311582
762,9,2025-02-11,0.304192
763,9,2025-02-12,0.220568
764,9,2025-02-13,0.317277
765,9,2025-02-14,0.368734
766,9,2025-02-15,0.287919
767,9,2025-02-16,0.290413
768,9,2025-02-17,0.288982
769,9,2025-02-18,0.337444
770,9,2025-02-19,0.300487
771,9,2025-02-20,0.280310
772,9,2025-02-21,0.307156
773,9,2025-02-22,0.274947
774,9,2025-02-23,0.217477
775,9,2025-02-24,0.217345
776,9,2025-02-25,0.347667
777,9,2025-02-26,0.262309
778,9,2025-02-27,0.329439
779,9,2025-02-28,0.382513
780,9,2025-03-01,0.347704
781,9,2025-03-02,0.362042
782,9,2025-03-03,0.291181
783,9,2025-03-04,0.327517
784,9,2025-03-05,0.277826
785,9,2025-03-06,0.313611
786,9,2025-03-07,0.248646
787,9,2025-03-08,0.279107
788,9,2025-03-09,0.349855
789,9,2025-03-10,0.220143
790,9,2025-03-11,0.246387
791,9,2025-03-12,0.336178
792,9,2025-03-13,0.255640
793,9,2025-03-14,0.209814
794,9,2025-03-15,0.287714
795,9,2025-03-16,0.287398
796,9,2025-03-17,0.237632
797,9,2025-03-18,0.284990
798,9,2025-03-19,0.417342
799,9,2025-03-20,0.362668
800,9,2025-03-21,0.354277
801,9,2025-03-22,0.394712
802,9,2025-03-23,0.364572
803,9,2025-03-24,0.333267
804,9,2025-03-25,0.419187
805,9,2025-03-26,0.400568
806,9,2025-03-27,0.351230
807,9,2025-03-28,0.320431
808,9,2025-03-29,0.109474
809,9,2025-03-30,0.000000
810,9,2025-03-31,0.000000
811,10,2025-01-01,0.043970
812,10,2025-01-02,0.091550
813,10,2025-01-03,0.110345
814,10,2025-01-04,0.109555
815,10,2025-01-05,0.161744
816,10,2025-01-06,0.191244
817,10,2025-01-07,0.204111
818,10,2025-01-08,0.283687
819,10,2025-01-09,0.194359
820,10,2025-01-10,0.257436
821,10,2025-01-11,0.240815
822,10,2025-01-12,0.270132
823,10,2025-01-13,0.320771
824,10,2025-01-14,0.336433
825,10,2025-01-15,0.236891
826,10,2025-01-16,0.372593
827,10,2025-01-17,0.293035
828,10,2025-01-18,0.298178
829,10,2025-01-19,0.338897
830,10,2025-01-20,0.304249
831,10,2025-01-21,0.381674
832,10,2025-01-22,0.257650
833,10,2025-01-23,0.263867
834,10,2025-01-24,0.331069
835,10,2025-01-25,0.334883
836,10,2025-01-26,0.251771
837,10,2025-01-27,0.245809
838,10,2025-01-28,0.289921
839,10,2025-01-29,0.248759
840,10,2025-01-30,0.210953
841,10,2025-01-31,0.327344
842,10,2025-02-01,0.339628
843,10,2025-02-02,0.287044
844,10,2025-02-03,0.298576
845,10,2025-02-04,0.272983
846,10,2025-02-05,0.278000
847,10,2025-02-06,0.342450
848,10,2025-02-07,0.327884
849,10,2025-02-08,0.293590
850,10,2025-02-09,0.299819
851,10,2025-02-10,0.329210
852,10,2025-02-11,0.339227
853,10,2025-02-12,0.438314
854,10,2025-02-13,0.314828
855,10,2025-02-14,0.329571
856,10,2025-02-15,0.279696
857,10,2025-02-16,0.265983
858,10,2025-02-17,0.278513
859,10,2025-02-18,0.316868
860,10,2025-02-19,0.235564
861,10,2025-02-20,0.239023
862,10,2025-02-21,0.297456
863,10,2025-02-22,0.342149
864,10,2025-02-23,0.285219
865,10,2025-02-24,0.273169
866,10,2025-02-25,0.302542
867,10,2025-02-26,0.325004
868,10,2025-02-27,0.280424
869,10,2025-02-28,0.374633
870,10,2025-03-01,0.295038
871,10,2025-03-02,0.403884
872,10,2025-03-03,0.260558
873,10,2025-03-04,0.256198
874,10,2025-03-05,0.332008
875,10,2025-03-06,0.208303
876,10,2025-03-07,0.300852
877,10,2025-03-08,0.223549
878,10,2025-03-09,0.304730
879,10,2025-03-10,0.296819
880,10,2025-03-11,0.282000
881,10,2025-03-12,0.270926
882,10,2025-03-13,0.278411
883,10,2025-03-14,0.314046
884,10,2025-03-15,0.265493
885,10,2025-03-16,0.288406
886,10,2025-03-17,0.395454
887,10,2025-03-18,0.347192
888,10,2025-03-19,0.357937
889,10,2025-03-20,0.415104
890,10,2025-03-21,0.364160
891,10,2025-03-22,0.378376
892,10,2025-03-23,0.336886
893,10,2025-03-24,0.332495
894,10,2025-03-25,0.475608
895,10,2025-03-26,0.383263
896,10,2025-03-27,0.428373
897,10,2025-03-28,0.262398
898,10,2025-03-29,0.081903
899,10,2025-03-30,0.000000
900,10,2025-03-31,0.000000
