conversion_id,user_id,conversion_time,conversion_type,conversion_value
1,1,2025-03-07T02:17:07+00:00,purchase,75.210000
2,2,2025-01-13T04:01:21+00:00,purchase,212.840000
3,3,2025-01-06T13:31:15+00:00,purchase,202.380000
4,4,2025-03-14T00:48:01+00:00,purchase,195.240000
5,5,2025-03-22T16:20:18+00:00,purchase,187.100000
6,6,2025-01-18T11:39:26+00:00,purchase,200.760000
7,7,2025-02-07T08:32:39+00:00,purchase,46.590000
8,8,2025-02-09T16:13:22+00:00,purchase,115.390000
9,9,2025-01-22T03:19:22+00:00,purchase,153.120000
10,10,2025-03-27T03:11:11+00:00,purchase,87.680000
11,11,2025-02-08T07:27:52+00:00,purchase,76.540000
12,12,2025-03-10T11:01:53+00:00,purchase,190.360000
13,13,2025-02-17T15:16:21+00:00,purchase,129.320000
14,14,2025-03-19T04:27:55+00:00,subscription,24.120000
15,15,2025-01-10T02:36:26+00:00,purchase,129.030000
16,16,2025-03-08T15:31:55+00:00,purchase,70.310000
17,17,2025-03-16T22:58:40+00:00,purchase,124.860000
18,18,2025-02-07T12:53:39+00:00,purchase,149.570000
19,19,2025-01-08T02:03:54+00:00,purchase,70.190000
20,20,2025-01-09T10:23:58+00:00,purchase,100.120000
21,21,2025-03-28T06:06:35+00:00,purchase,126.870000
22,22,2025-01-29T20:04:10+00:00,purchase,130.190000
23,23,2025-03-15T01:53:24+00:00,purchase,56.880000
24,24,2025-03-05T08:15:40+00:00,purchase,94.940000
25,25,2025-03-18T12:52:17+00:00,subscription,29.170000
26,26,2025-02-19T21:46:26+00:00,subscription,25.310000
27,27,2025-02-02T18:53:26+00:00,purchase,132.720000
28,28,2025-02-19T13:32:41+00:00,purchase,58.520000
29,29,2025-02-18T18:40:32+00:00,purchase,151.210000
30,30,2025-01-24T07:42:27+00:00,purchase,124.640000
31,31,2025-03-10T01:10:30+00:00,subscription,14.110000
32,32,2025-01-09T18:38:03+00:00,purchase,108.370000
33,33,2025-01-10T01:40:07+00:00,purchase,139.650000
34,34,2025-01-10T09:24:10+00:00,subscription,42.570000
35,35,2025-03-29T23:16:18+00:00,purchase,133.180000
36,36,2025-01-22T07:59:02+00:00,purchase,152.770000
37,37,2025-03-28T12:16:47+00:00,purchase,94.810000
38,38,2025-03-22T01:54:46+00:00,subscription,29.270000
39,39,2025-01-21T02:57:25+00:00,purchase,74.470000
40,40,2025-02-26T05:49:00+00:00,subscription,16.000000
41,41,2025-03-17T10:20:58+00:00,purchase,123.880000
42,42,2025-01-08T23:51:51+00:00,purchase,25.990000
43,43,2025-02-16T21:30:56+00:00,purchase,52.670000
44,44,2025-01-21T18:53:13+00:00,purchase,126.050000
45,45,2025-03-17T08:02:13+00:00,purchase,149.390000
46,46,2025-02-24T04:56:21+00:00,purchase,217.820000
47,47,2025-03-01T20:49:57+00:00,purchase,191.550000
48,48,2025-02-27T20:55:36+00:00,subscription,36.790000
49,49,2025-03-01T12:15:19+00:00,purchase,146.780000
50,50,2025-01-27T02:35:46+00:00,purchase,200.980000
51,51,2025-01-10T07:19:01+00:00,purchase,128.820000
52,52,2025-01-23T22:09:16+00:00,purchase,158.750000
53,53,2025-02-08T15:11:24+00:00,purchase,184.980000
54,54,2025-03-22T19:58:08+00:00,subscription,25.440000
55,55,2025-03-29T14:17:10+00:00,purchase,207.220000
56,56,2025-01-31T00:36:46+00:00,purchase,179.230000
57,57,2025-01-28T16:17:16+00:00,purchase,148.500000
58,58,2025-01-30T12:09:45+00:00,purchase,162.730000
59,59,2025-03-16T20:41:20+00:00,purchase,97.440000
60,60,2025-03-29T21:57:13+00:00,purchase,119.020000
61,61,2025-02-25T16:41:21+00:00,subscription,44.600000
62,62,2025-03-21T21:34:21+00:00,subscription,14.290000
63,63,2025-02-06T23:23:07+00:00,purchase,205.220000
64,64,2025-01-26T19:05:08+00:00,purchase,186.280000
65,65,2025-03-15T15:42:21+00:00,purchase,63.320000
66,66,2025-03-23T14:27:57+00:00,purchase,205.130000
67,67,2025-02-18T00:50:06+00:00,subscription,15.030000
68,68,2025-03-28T20:30:35+00:00,purchase,99.250000
69,69,2025-01-10T13:15:12+00:00,subscription,20.580000
70,70,2025-02-24T12:47:44+00:00,purchase,216.210000
71,71,2025-03-01T03:01:58+00:00,purchase,194.230000
72,72,2025-02-02T21:08:37+00:00,subscription,31.670000
73,73,2025-01-22T05:14:57+00:00,purchase,166.350000
74,74,2025-02-24T22:50:32+00:00,purchase,50.480000
75,75,2025-03-09T04:07:27+00:00,purchase,190.190000
76,76,2025-02-02T17:01:47+00:00,subscription,33.640000
77,77,2025-01-21T16:18:15+00:00,purchase,33.540000
78,78,2025-03-03T21:41:09+00:00,purchase,180.260000
79,79,2025-01-23T12:09:08+00:00,subscription,21.010000
80,80,2025-02-15T13:33:15+00:00,purchase,75.970000
81,81,2025-03-16T06:02:45+00:00,subscription,30.780000
82,82,2025-02-04T22:30:51+00:00,purchase,214.770000
83,83,2025-01-22T09:22:33+00:00,purchase,34.510000
84,84,2025-03-19T09:55:32+00:00,purchase,59.040000
85,85,2025-02-20T16:19:34+00:00,purchase,185.640000
86,86,2025-03-30T19:46:45+00:00,purchase,47.280000
87,87,2025-02-22T13:23:45+00:00,purchase,173.270000
88,88,2025-01-16T05:06:48+00:00,purchase,208.450000
89,89,2025-02-15T20:27:22+00:00,purchase,132.260000
90,90,2025-02-15T15:18:05+00:00,subscription,45.480000
91,91,2025-03-26T05:06:36+00:00,purchase,157.210000
92,92,2025-02-15T09:16:07+00:00,purchase,114.360000
93,93,2025-02-24T12:53:49+00:00,purchase,47.690000
94,94,2025-01-24T00:59:26+00:00,subscription,26.210000
95,95,2025-01-23T07:16:20+00:00,subscription,42.640000
96,96,2025-03-30T10:26:45+00:00,purchase,177.710000
97,97,2025-03-17T19:09:46+00:00,purchase,97.420000
98,98,2025-03-22T06:14:40+00:00,purchase,168.530000
99,99,2025-01-06T17:49:48+00:00,subscription,39.250000
100,100,2025-01-16T00:49:43+00:00,subscription,43.220000
101,107,2025-03-16T21:24:48+00:00,purchase,46.750000
102,124,2025-02-16T03:29:05+00:00,purchase,107.980000
103,125,2025-02-05T05:03:52+00:00,purchase,65.200000
104,129,2025-01-29T23:22:20+00:00,purchase,53.610000
105,139,2025-02-18T07:35:01+00:00,subscription,36.520000
106,144,2025-03-02T20:31:38+00:00,purchase,144.180000
107,149,2025-01-26T06:20:05+00:00,purchase,81.870000
108,151,2025-03-23T12:30:42+00:00,purchase,179.950000
109,156,2025-03-25T07:00:00+00:00,purchase,197.100000
110,159,2025-02-25T04:40:41+00:00,purchase,66.080000
111,165,2025-02-22T07:25:24+00:00,purchase,136.950000
112,167,2025-03-06T00:54:39+00:00,purchase,82.570000
113,176,2025-02-03T02:41:10+00:00,purchase,108.710000
114,183,2025-03-10T07:17:51+00:00,subscription,48.350000
115,189,2025-02-08T06:23:56+00:00,purchase,105.500000
116,204,2025-03-29T17:46:30+00:00,purchase,86.090000
117,214,2025-02-26T17:29:02+00:00,subscription,47.890000
118,216,2025-02-21T01:05:41+00:00,subscription,16.160000
119,217,2025-02-10T12:38:58+00:00,purchase,74.690000
120,220,2025-03-05T02:17:19+00:00,purchase,88.880000
121,234,2025-02-02T21:41:28+00:00,purchase,145.060000
122,240,2025-02-06T09:24:41+00:00,subscription,15.010000
123,242,2025-02-24T12:28:22+00:00,purchase,24.550000
124,246,2025-03-02T19:58:30+00:00,purchase,62.640000
125,250,2025-01-08T04:01:42+00:00,purchase,86.170000
126,253,2025-01-29T05:41:08+00:00,subscription,22.440000
127,265,2025-01-21T20:20:15+00:00,purchase,217.100000
128,266,2025-01-23T10:43:27+00:00,purchase,39.760000
129,268,2025-03-23T17:46:56+00:00,purchase,58.780000
130,273,2025-03-19T09:52:38+00:00,purchase,120.560000
131,274,2025-02-04T19:53:53+00:00,purchase,36.170000
132,278,2025-03-04T04:00:46+00:00,purchase,27.860000
133,279,2025-03-09T18:00:21+00:00,purchase,160.580000
134,280,2025-01-15T01:26:46+00:00,subscription,13.570000
135,282,2025-02-10T15:36:22+00:00,purchase,168.310000
136,292,2025-01-22T17:20:40+00:00,purchase,58.900000
137,293,2025-02-18T00:26:42+00:00,purchase,141.450000
138,299,2025-03-11T19:25:24+00:00,purchase,82.100000
139,303,2025-02-15T06:16:39+00:00,purchase,47.060000
140,306,2025-01-25T10:54:25+00:00,subscription,45.180000
141,308,2025-03-09T16:22:26+00:00,purchase,67.990000
142,323,2025-02-18T10:25:17+00:00,purchase,74.400000
143,333,2025-02-16T13:32:00+00:00,purchase,132.330000
144,344,2025-03-21T18:14:31+00:00,purchase,21.970000
145,351,2025-02-02T17:20:48+00:00,purchase,43.880000
146,355,2025-03-15T00:04:31+00:00,subscription,42.050000
147,356,2025-01-27T00:22:59+00:00,purchase,154.320000
148,358,2025-03-01T00:16:49+00:00,subscription,28.090000
149,360,2025-01-27T18:55:18+00:00,purchase,43.880000
150,363,2025-03-31T02:05:50+00:00,purchase,178.640000
151,366,2025-03-06T17:44:38+00:00,purchase,207.760000
152,372,2025-02-14T03:43:37+00:00,subscription,14.640000
153,380,2025-03-24T23:09:48+00:00,purchase,48.460000
154,388,2025-01-23T15:58:38+00:00,purchase,71.100000
155,392,2025-03-17T22:28:27+00:00,purchase,76.200000
156,394,2025-02-07T19:48:45+00:00,purchase,125.620000
157,397,2025-02-21T23:31:54+00:00,purchase,32.720000
158,400,2025-03-08T11:51:22+00:00,purchase,94.110000
159,407,2025-02-05T12:15:02+00:00,subscription,13.740000
160,411,2025-03-11T20:35:06+00:00,purchase,186.650000
161,412,2025-02-02T00:38:51+00:00,purchase,117.510000
162,417,2025-03-18T15:41:21+00:00,purchase,149.440000
163,425,2025-03-18T08:08:05+00:00,purchase,76.970000
164,435,2025-03-10T19:29:52+00:00,purchase,90.200000
165,436,2025-02-26T07:52:46+00:00,purchase,177.820000
166,437,2025-03-20T07:57:31+00:00,purchase,174.310000
167,440,2025-02-23T15:17:51+00:00,purchase,87.810000
168,455,2025-03-27T17:21:38+00:00,subscription,28.380000
169,459,2025-03-16T06:52:40+00:00,purchase,23.290000
170,463,2025-03-23T16:46:24+00:00,purchase,207.560000
171,474,2025-03-30T16:23:38+00:00,purchase,89.420000
172,477,2025-01-18T18:45:19+00:00,purchase,45.400000
173,491,2025-01-24T21:19:32+00:00,purchase,171.520000
174,492,2025-02-08T05:40:53+00:00,purchase,127.870000
175,497,2025-03-19T20:57:35+00:00,purchase,199.600000
176,498,2025-02-27T10:27:18+00:00,purchase,202.040000
177,501,2025-02-06T19:01:25+00:00,purchase,124.540000
178,506,2025-03-10T05:48:09+00:00,purchase,135.770000
179,509,2025-03-24T12:48:18+00:00,subscription,47.790000
180,511,2025-02-04T04:17:58+00:00,subscription,45.040000
181,517,2025-02-15T20:55:50+00:00,subscription,49.600000
182,520,2025-02-22T19:23:21+00:00,purchase,144.500000
183,524,2025-02-13T06:24:18+00:00,subscription,21.060000
184,526,2025-02-09T23:18:21+00:00,purchase,57.140000
185,529,2025-03-13T03:52:49+00:00,purchase,147.830000
186,557,2025-02-19T05:29:56+00:00,purchase,45.480000
187,567,2025-03-28T06:46:07+00:00,purchase,209.030000
188,573,2025-03-30T09:13:35+00:00,purchase,70.770000
189,579,2025-01-25T13:00:36+00:00,purchase,161.120000
190,583,2025-03-04T13:37:41+00:00,purchase,95.640000
191,585,2025-03-27T09:17:46+00:00,subscription,34.010000
192,588,2025-02-12T11:22:50+00:00,purchase,69.500000
193,589,2025-01-16T19:57:05+00:00,purchase,215.090000
194,606,2025-03-11T12:49:38+00:00,purchase,88.740000
195,607,2025-02-03T02:48:32+00:00,subscription,37.690000
196,608,2025-03-29T04:48:27+00:00,purchase,133.900000
197,610,2025-01-16T15:50:49+00:00,subscription,41.080000
198,611,2025-01-30T13:56:27+00:00,subscription,48.510000
199,621,2025-02-10T09:53:43+00:00,purchase,207.820000
200,623,2025-02-27T09:26:55+00:00,subscription,16.040000
201,629,2025-02-14T16:00:30+00:00,purchase,29.830000
202,630,2025-03-03T21:04:55+00:00,purchase,149.760000
203,632,2025-02-02T10:09:25+00:00,purchase,24.800000
204,633,2025-02-14T04:24:41+00:00,subscription,27.930000
205,635,2025-01-12T02:46:56+00:00,purchase,142.270000
206,636,2025-02-07T12:49:52+00:00,purchase,94.070000
207,640,2025-03-17T22:34:46+00:00,purchase,54.040000
208,644,2025-01-21T10:23:28+00:00,subscription,17.460000
209,645,2025-03-18T07:50:07+00:00,purchase,146.050000
210,649,2025-03-29T00:38:16+00:00,purchase,111.190000
211,660,2025-03-27T18:59:02+00:00,subscription,36.280000
212,662,2025-03-20T17:16:58+00:00,purchase,37.830000
213,668,2025-03-07T19:27:01+00:00,subscription,37.030000
214,671,2025-03-27T07:53:53+00:00,purchase,100.200000
215,672,2025-01-12T07:46:22+00:00,subscription,10.180000
216,673,2025-02-08T05:34:06+00:00,subscription,36.210000
217,675,2025-01-07T05:14:49+00:00,purchase,179.830000
218,677,2025-01-23T20:11:07+00:00,subscription,43.670000
219,678,2025-03-28T12:39:20+00:00,purchase,58.290000
220,688,2025-01-30T21:17:38+00:00,purchase,135.590000
221,695,2025-03-22T03:51:26+00:00,purchase,145.240000
222,699,2025-01-29T09:05:21+00:00,purchase,150.710000
223,702,2025-02-23T21:07:08+00:00,purchase,161.670000
224,705,2025-03-16T15:21:43+00:00,purchase,111.850000
225,710,2025-03-10T20:36:24+00:00,purchase,98.330000
226,713,2025-01-24T15:35:58+00:00,purchase,104.290000
227,727,2025-02-12T15:58:55+00:00,purchase,212.290000
228,736,2025-03-30T22:14:04+00:00,purchase,204.040000
229,741,2025-01-09T08:30:30+00:00,purchase,45.110000
230,758,2025-03-25T11:06:55+00:00,purchase,118.620000
231,760,2025-03-09T10:26:17+00:00,purchase,44.600000
232,761,2025-03-10T04:15:04+00:00,subscription,34.750000
233,764,2025-03-30T01:29:47+00:00,purchase,78.210000
234,778,2025-03-17T18:40:19+00:00,subscription,41.850000
235,780,2025-03-30T13:47:24+00:00,purchase,186.010000
236,781,2025-03-28T22:00:08+00:00,purchase,165.350000
237,785,2025-03-04T20:11:29+00:00,purchase,196.290000
238,788,2025-01-24T11:48:50+00:00,subscription,44.570000
239,790,2025-02-22T12:20:02+00:00,purchase,76.740000
240,795,2025-03-26T15:46:53+00:00,purchase,96.890000
241,812,2025-02-20T06:38:48+00:00,purchase,203.230000
242,824,2025-03-04T07:05:12+00:00,purchase,174.470000
243,828,2025-03-05T02:12:06+00:00,purchase,74.050000
244,829,2025-03-18T18:19:45+00:00,purchase,155.390000
245,835,2025-03-25T02:53:53+00:00,subscription,49.450000
246,841,2025-02-13T05:00:32+00:00,purchase,162.880000
247,845,2025-03-14T05:02:01+00:00,purchase,163.770000
248,851,2025-01-31T00:47:47+00:00,subscription,36.810000
249,857,2025-03-21T08:27:56+00:00,purchase,179.770000
250,866,2025-02-27T14:59:43+00:00,purchase,204.880000
251,869,2025-02-04T05:55:47+00:00,purchase,156.150000
252,870,2025-02-01T05:40:05+00:00,subscription,27.370000
253,883,2025-03-25T02:03:50+00:00,purchase,184.600000
254,890,2025-03-29T13:05:58+00:00,purchase,57.430000
255,892,2025-01-15T05:44:52+00:00,subscription,32.780000
256,901,2025-03-13T13:26:37+00:00,subscription,47.030000
257,902,2025-03-28T23:47:36+00:00,subscription,40.550000
258,910,2025-01-26T10:36:20+00:00,purchase,158.780000
259,912,2025-03-29T16:06:56+00:00,purchase,65.610000
260,914,2025-03-18T03:10:08+00:00,purchase,173.040000
261,916,2025-01-22T11:12:27+00:00,subscription,20.130000
262,919,2025-01-30T11:35:27+00:00,purchase,54.770000
263,923,2025-02-21T09:21:09+00:00,purchase,199.300000
264,928,2025-01-21T12:14:18+00:00,subscription,40.850000
265,941,2025-02-19T22:34:14+00:00,purchase,154.740000
266,945,2025-01-26T11:04:42+00:00,purchase,38.190000
267,952,2025-01-28T16:22:33+00:00,subscription,41.650000
268,955,2025-02-14T10:51:24+00:00,purchase,166.100000
269,956,2025-03-24T04:16:24+00:00,subscription,43.310000
270,968,2025-03-22T08:03:38+00:00,purchase,107.970000
271,975,2025-03-26T21:24:29+00:00,subscription,30.080000
272,978,2025-03-23T17:00:18+00:00,purchase,24.610000
273,980,2025-02-15T13:29:21+00:00,purchase,78.650000
274,986,2025-03-24T09:22:15+00:00,purchase,146.030000
275,1001,2025-03-27T10:24:56+00:00,purchase,184.480000
276,1003,2025-02-24T23:02:02+00:00,purchase,167.370000
277,1012,2025-01-23T08:05:24+00:00,purchase,156.600000
278,1015,2025-03-15T15:24:02+00:00,purchase,38.880000
279,1019,2025-01-30T04:33:35+00:00,purchase,153.780000
280,1020,2025-03-16T06:01:47+00:00,purchase,80.370000
281,1021,2025-02-18T23:34:35+00:00,subscription,25.390000
282,1031,2025-03-13T10:48:21+00:00,purchase,89.110000
283,1032,2025-02-10T04:24:05+00:00,purchase,99.780000
284,1045,2025-02-26T07:56:22+00:00,subscription,10.200000
285,1055,2025-01-28T05:29:17+00:00,purchase,134.070000
286,1058,2025-03-16T21:59:05+00:00,purchase,185.890000
287,1061,2025-03-08T04:35:04+00:00,purchase,50.960000
288,1067,2025-01-19T03:23:30+00:00,purchase,173.530000
289,1072,2025-03-12T16:05:27+00:00,purchase,200.480000
290,1075,2025-03-16T13:51:51+00:00,purchase,87.730000
291,1077,2025-02-18T13:20:06+00:00,purchase,184.060000
292,1078,2025-02-16T01:14:51+00:00,purchase,207.070000
293,1079,2025-02-23T02:14:31+00:00,subscription,23.370000
294,1086,2025-03-17T08:30:16+00:00,subscription,12.970000
295,1092,2025-03-29T04:18:08+00:00,purchase,102.580000
296,1101,2025-02-06T15:00:59+00:00,purchase,189.360000
297,1106,2025-03-11T17:54:40+00:00,subscription,28.160000
298,1111,2025-03-21T12:18:58+00:00,purchase,153.710000
299,1119,2025-01-25T23:37:36+00:00,purchase,178.150000
300,1129,2025-03-21T14:02:41+00:00,subscription,45.410000
301,1149,2025-02-11T19:49:29+00:00,purchase,219.820000
302,1164,2025-03-28T01:59:36+00:00,purchase,127.270000
303,1165,2025-02-27T06:58:50+00:00,purchase,64.940000
304,1168,2025-03-25T02:50:29+00:00,purchase,119.750000
305,1184,2025-02-11T00:59:41+00:00,subscription,26.150000
306,1185,2025-02-09T03:44:42+00:00,purchase,137.170000
307,1186,2025-03-01T18:02:21+00:00,purchase,87.310000
308,1188,2025-03-10T19:57:45+00:00,purchase,209.360000
309,1198,2025-01-14T14:39:36+00:00,purchase,156.010000
310,1199,2025-01-30T14:17:45+00:00,purchase,200.400000
311,1205,2025-01-25T09:21:21+00:00,purchase,112.680000
312,1214,2025-03-27T07:44:34+00:00,subscription,25.170000
313,1221,2025-01-05T09:59:03+00:00,subscription,37.230000
314,1224,2025-03-17T09:53:47+00:00,purchase,36.760000
315,1231,2025-01-22T03:26:06+00:00,purchase,167.200000
316,1235,2025-03-13T07:47:07+00:00,purchase,42.810000
317,1237,2025-03-20T10:05:17+00:00,purchase,108.760000
318,1239,2025-03-27T18:55:20+00:00,purchase,113.720000
319,1245,2025-03-28T08:17:05+00:00,subscription,42.820000
320,1253,2025-03-26T23:49:01+00:00,purchase,219.500000
321,1259,2025-02-15T17:18:21+00:00,purchase,133.270000
322,1262,2025-02-02T00:05:15+00:00,purchase,71.170000
323,1267,2025-01-25T20:42:38+00:00,purchase,159.280000
324,1268,2025-01-19T01:46:19+00:00,purchase,89.070000
325,1276,2025-02-17T11:29:17+00:00,subscription,29.890000
326,1280,2025-01-17T04:59:07+00:00,purchase,219.310000
327,1282,2025-01-25T18:07:04+00:00,purchase,65.660000
328,1285,2025-03-23T21:56:56+00:00,subscription,17.670000
329,1288,2025-02-25T10:45:20+00:00,purchase,91.700000
330,1290,2025-02-10T10:42:32+00:00,subscription,39.440000
331,1294,2025-02-05T16:54:00+00:00,purchase,89.630000
332,1295,2025-01-26T17:20:12+00:00,subscription,13.120000
333,1305,2025-03-02T01:03:56+00:00,purchase,52.310000
334,1306,2025-01-21T10:40:52+00:00,purchase,88.090000
335,1309,2025-02-16T09:01:06+00:00,subscription,31.650000
336,1311,2025-01-20T15:18:36+00:00,purchase,206.670000
337,1317,2025-02-11T12:39:41+00:00,purchase,122.460000
338,1322,2025-01-24T05:49:04+00:00,purchase,28.300000
339,1337,2025-03-21T05:56:15+00:00,purchase,88.410000
340,1339,2025-03-18T03:24:19+00:00,purchase,155.560000
341,1345,2025-02-25T00:27:07+00:00,subscription,30.050000
342,1347,2025-02-22T10:59:26+00:00,purchase,83.620000
343,1349,2025-03-19T18:06:11+00:00,purchase,28.810000
344,1353,2025-01-18T20:19:32+00:00,purchase,143.120000
345,1355,2025-03-24T22:22:48+00:00,purchase,144.380000
346,1357,2025-01-17T15:45:23+00:00,purchase,54.180000
347,1359,2025-02-22T21:42:59+00:00,purchase,129.040000
348,1364,2025-03-25T21:24:12+00:00,purchase,101.820000
349,1366,2025-02-04T12:39:55+00:00,purchase,34.220000
350,1368,2025-03-04T09:07:02+00:00,purchase,203.630000
351,1371,2025-03-20T11:13:32+00:00,subscription,25.450000
352,1378,2025-01-18T08:59:55+00:00,subscription,17.010000
353,1383,2025-02-01T11:23:53+00:00,purchase,110.780000
354,1384,2025-01-23T20:03:34+00:00,subscription,48.450000
355,1388,2025-01-06T23:23:03+00:00,purchase,197.520000
356,1389,2025-03-07T22:40:27+00:00,purchase,76.650000
357,1391,2025-03-03T23:44:06+00:00,purchase,138.870000
358,1405,2025-03-15T19:30:42+00:00,purchase,63.770000
359,1418,2025-02-11T05:41:54+00:00,purchase,161.510000
360,1429,2025-03-30T04:40:16+00:00,purchase,167.960000
361,1442,2025-03-12T15:56:33+00:00,purchase,137.550000
362,1448,2025-02-19T17:45:33+00:00,purchase,64.610000
363,1457,2025-01-23T11:07:35+00:00,purchase,137.940000
364,1464,2025-02-03T01:30:32+00:00,purchase,156.910000
365,1469,2025-02-20T09:35:30+00:00,purchase,41.800000
366,1476,2025-03-28T19:33:09+00:00,purchase,67.070000
367,1478,2025-03-19T15:18:29+00:00,subscription,10.500000
368,1480,2025-01-28T04:36:49+00:00,subscription,40.900000
369,1481,2025-02-26T13:34:51+00:00,purchase,188.350000
370,1484,2025-01-18T06:09:05+00:00,subscription,32.490000
371,1487,2025-03-22T08:39:20+00:00,purchase,151.530000
372,1490,2025-03-19T18:50:23+00:00,purchase,203.150000
373,1491,2025-03-17T08:20:47+00:00,purchase,176.730000
374,1495,2025-03-28T21:18:36+00:00,subscription,35.860000
375,1509,2025-03-27T17:14:00+00:00,purchase,33.620000
376,1512,2025-03-26T20:09:27+00:00,purchase,203.270000
377,1515,2025-02-13T07:27:41+00:00,purchase,77.090000
378,1518,2025-02-17T08:17:54+00:00,purchase,119.610000
379,1521,2025-03-12T06:14:19+00:00,purchase,181.950000
380,1522,2025-03-25T15:52:27+00:00,purchase,172.820000
381,1523,2025-01-28T04:18:41+00:00,purchase,109.440000
382,1526,2025-03-23T00:51:00+00:00,purchase,189.650000
383,1529,2025-02-09T03:43:47+00:00,subscription,26.480000
384,1531,2025-03-26T12:59:41+00:00,purchase,39.330000
385,1540,2025-03-22T03:20:37+00:00,purchase,195.330000
386,1542,2025-01-11T00:41:09+00:00,purchase,133.010000
387,1547,2025-03-13T00:48:58+00:00,purchase,107.030000
388,1552,2025-02-02T19:19:57+00:00,purchase,24.240000
389,1553,2025-03-29T21:31:16+00:00,purchase,122.860000
390,1556,2025-02-15T13:34:30+00:00,purchase,50.040000
391,1560,2025-02-17T21:53:26+00:00,purchase,129.230000
392,1568,2025-01-22T15:12:05+00:00,purchase,102.050000
393,1569,2025-03-16T23:53:31+00:00,purchase,194.200000
394,1572,2025-02-25T01:15:20+00:00,purchase,205.840000
395,1581,2025-03-21T13:25:24+00:00,purchase,78.790000
396,1592,2025-03-30T15:54:45+00:00,purchase,204.600000
397,1593,2025-01-16T21:30:53+00:00,purchase,195.630000
398,1600,2025-03-22T16:57:29+00:00,purchase,118.500000
399,1602,2025-03-29T09:21:41+00:00,purchase,105.900000
400,1607,2025-03-25T01:43:15+00:00,subscription,11.360000
401,1618,2025-03-23T11:46:20+00:00,subscription,29.480000
402,1619,2025-01-29T08:07:11+00:00,purchase,208.050000
403,1626,2025-01-27T01:16:13+00:00,purchase,128.770000
404,1628,2025-03-04T01:14:22+00:00,purchase,205.650000
405,1630,2025-03-28T03:28:30+00:00,purchase,115.280000
406,1638,2025-03-13T12:26:30+00:00,purchase,52.780000
407,1643,2025-03-21T11:23:47+00:00,purchase,121.970000
408,1653,2025-02-21T09:22:49+00:00,subscription,30.270000
409,1664,2025-02-17T15:14:43+00:00,subscription,23.170000
410,1665,2025-02-10T02:19:06+00:00,subscription,37.490000
411,1667,2025-03-27T12:33:31+00:00,subscription,14.180000
412,1671,2025-02-07T18:12:06+00:00,purchase,122.490000
413,1673,2025-01-27T00:24:46+00:00,purchase,46.760000
414,1674,2025-02-10T08:13:17+00:00,purchase,107.120000
415,1678,2025-02-02T05:35:52+00:00,purchase,29.520000
416,1688,2025-01-12T14:21:10+00:00,purchase,96.970000
417,1691,2025-01-15T18:49:52+00:00,purchase,59.700000
418,1694,2025-02-18T19:13:14+00:00,purchase,89.290000
419,1702,2025-03-29T23:04:30+00:00,purchase,185.450000
420,1704,2025-01-08T23:15:21+00:00,purchase,33.820000
421,1709,2025-03-01T07:07:31+00:00,purchase,190.990000
422,1714,2025-03-09T05:31:06+00:00,purchase,136.660000
423,1723,2025-02-19T12:03:59+00:00,purchase,185.870000
424,1733,2025-01-24T14:59:33+00:00,subscription,15.780000
425,1735,2025-01-11T17:36:46+00:00,purchase,106.030000
426,1736,2025-02-04T18:07:27+00:00,purchase,68.260000
427,1739,2025-01-24T14:53:08+00:00,purchase,113.940000
428,1753,2025-03-12T20:39:42+00:00,purchase,206.020000
429,1759,2025-01-13T02:08:48+00:00,purchase,148.200000
430,1772,2025-03-29T23:31:45+00:00,purchase,167.560000
431,1773,2025-02-08T00:03:39+00:00,purchase,160.210000
432,1774,2025-03-18T06:40:35+00:00,purchase,180.450000
433,1779,2025-02-05T11:12:31+00:00,purchase,211.580000
434,1785,2025-02-12T03:56:30+00:00,purchase,162.670000
435,1786,2025-03-03T13:02:37+00:00,purchase,210.900000
436,1788,2025-02-15T07:35:53+00:00,purchase,170.160000
437,1792,2025-03-20T04:59:55+00:00,subscription,16.740000
438,1797,2025-02-10T04:05:04+00:00,purchase,86.810000
439,1800,2025-02-08T01:28:49+00:00,purchase,60.700000
440,1803,2025-01-27T01:49:42+00:00,purchase,138.310000
441,1805,2025-03-17T08:18:02+00:00,subscription,21.760000
442,1818,2025-02-08T11:44:20+00:00,purchase,111.750000
443,1822,2025-02-09T14:23:05+00:00,purchase,203.240000
444,1825,2025-03-03T11:30:36+00:00,purchase,90.040000
445,1831,2025-01-14T16:54:20+00:00,purchase,217.810000
446,1836,2025-03-06T16:14:47+00:00,purchase,91.380000
447,1839,2025-03-12T18:09:39+00:00,purchase,183.260000
448,1841,2025-03-29T10:43:30+00:00,subscription,35.780000
449,1847,2025-03-23T02:37:06+00:00,purchase,131.890000
450,1857,2025-02-23T17:01:05+00:00,purchase,167.360000
451,1859,2025-01-24T06:59:13+00:00,purchase,108.050000
452,1860,2025-03-22T18:47:49+00:00,purchase,71.640000
453,1870,2025-03-27T12:28:24+00:00,purchase,161.100000
454,1878,2025-01-28T20:25:03+00:00,purchase,211.490000
455,1880,2025-02-28T06:34:13+00:00,purchase,126.580000
456,1901,2025-03-09T09:08:22+00:00,purchase,121.520000
457,1907,2025-02-11T17:16:45+00:00,purchase,121.910000
458,1912,2025-02-05T20:59:37+00:00,purchase,214.390000
459,1937,2025-02-01T08:35:54+00:00,subscription,39.800000
460,1938,2025-02-08T16:04:00+00:00,subscription,42.600000
461,1942,2025-02-09T19:43:57+00:00,purchase,215.570000
462,1951,2025-03-13T08:41:49+00:00,purchase,117.650000
463,1954,2025-01-12T18:18:32+00:00,purchase,144.830000
464,1955,2025-02-04T22:22:56+00:00,subscription,44.430000
465,1957,2025-01-18T14:17:39+00:00,purchase,123.340000
466,1958,2025-01-26T13:09:42+00:00,purchase,112.840000
467,1966,2025-03-03T01:17:21+00:00,purchase,112.250000
468,1970,2025-03-28T18:13:52+00:00,purchase,26.720000
469,1977,2025-02-15T00:15:40+00:00,subscription,30.240000
470,1991,2025-02-21T17:52:44+00:00,subscription,35.160000
471,1994,2025-01-28T08:04:05+00:00,purchase,71.940000
472,1998,2025-03-27T01:29:56+00:00,purchase,207.280000
473,2000,2025-01-15T10:26:39+00:00,purchase,177.450000
474,2018,2025-02-12T00:40:13+00:00,purchase,121.540000
475,2027,2025-03-29T23:14:46+00:00,subscription,38.690000
476,2028,2025-02-28T03:31:38+00:00,purchase,36.050000
477,2029,2025-02-17T23:45:44+00:00,subscription,37.400000
478,2042,2025-03-23T18:01:18+00:00,purchase,147.940000
479,2046,2025-03-22T05:44:00+00:00,purchase,91.130000
480,2054,2025-02-08T09:55:17+00:00,purchase,155.300000
481,2060,2025-03-26T16:54:22+00:00,purchase,169.350000
482,2072,2025-03-16T11:20:01+00:00,purchase,204.500000
483,2074,2025-03-02T02:16:02+00:00,purchase,184.570000
484,2075,2025-03-27T09:39:33+00:00,purchase,159.310000
485,2078,2025-01-16T13:27:33+00:00,subscription,13.560000
486,2080,2025-02-18T05:02:44+00:00,purchase,46.300000
487,2082,2025-03-13T15:41:59+00:00,purchase,179.060000
488,2084,2025-03-28T04:02:29+00:00,subscription,12.790000
489,2086,2025-03-21T03:37:32+00:00,purchase,100.020000
490,2095,2025-02-20T18:39:29+00:00,purchase,159.140000
491,2096,2025-03-18T23:47:29+00:00,purchase,132.310000
492,2098,2025-03-14T04:03:05+00:00,purchase,156.890000
493,2101,2025-03-14T06:15:54+00:00,subscription,21.780000
494,2107,2025-01-10T19:57:49+00:00,purchase,100.240000
495,2110,2025-03-07T03:36:44+00:00,purchase,74.740000
496,2115,2025-01-22T11:35:47+00:00,subscription,43.800000
497,2118,2025-02-28T08:18:40+00:00,purchase,32.820000
498,2124,2025-02-06T09:57:47+00:00,purchase,154.960000
499,2126,2025-02-24T17:06:32+00:00,purchase,174.820000
500,2129,2025-03-14T12:02:06+00:00,subscription,43.620000
501,2131,2025-01-19T08:01:19+00:00,purchase,217.730000
502,2133,2025-02-02T13:29:49+00:00,purchase,75.580000
503,2142,2025-02-22T18:49:19+00:00,purchase,144.190000
504,2144,2025-01-16T13:19:39+00:00,purchase,198.430000
505,2145,2025-03-17T08:12:17+00:00,purchase,187.910000
506,2147,2025-02-13T21:38:29+00:00,subscription,17.540000
507,2158,2025-01-23T09:32:48+00:00,subscription,45.440000
508,2164,2025-02-26T15:07:14+00:00,purchase,64.070000
509,2172,2025-03-11T19:58:55+00:00,purchase,92.970000
510,2177,2025-02-22T22:31:28+00:00,purchase,191.120000
511,2178,2025-01-18T02:59:03+00:00,purchase,194.150000
512,2180,2025-03-04T10:49:21+00:00,subscription,30.730000
513,2185,2025-03-04T22:52:31+00:00,purchase,196.170000
514,2188,2025-03-11T21:59:25+00:00,purchase,20.330000
515,2190,2025-03-10T19:30:31+00:00,purchase,115.020000
516,2191,2025-01-22T17:24:32+00:00,purchase,31.850000
517,2201,2025-01-26T15:32:10+00:00,purchase,111.610000
518,2205,2025-01-21T23:53:40+00:00,purchase,88.060000
519,2210,2025-01-20T03:02:23+00:00,purchase,169.770000
520,2211,2025-03-08T21:13:52+00:00,purchase,151.160000
521,2217,2025-03-30T04:06:18+00:00,subscription,23.510000
522,2233,2025-02-16T12:21:55+00:00,subscription,21.950000
523,2240,2025-01-18T18:13:42+00:00,purchase,162.620000
524,2278,2025-03-21T22:43:42+00:00,subscription,33.610000
525,2283,2025-03-11T07:58:18+00:00,purchase,82.000000
526,2292,2025-01-28T17:40:32+00:00,purchase,26.490000
527,2298,2025-01-26T19:23:58+00:00,purchase,196.030000
528,2299,2025-01-22T19:29:15+00:00,purchase,52.010000
529,2309,2025-02-02T21:45:14+00:00,purchase,108.520000
530,2310,2025-03-19T18:33:28+00:00,purchase,115.610000
531,2315,2025-02-21T05:24:22+00:00,purchase,161.030000
532,2318,2025-03-05T10:34:04+00:00,purchase,48.740000
533,2321,2025-03-26T17:42:22+00:00,purchase,60.880000
534,2325,2025-02-17T03:30:26+00:00,purchase,29.140000
535,2332,2025-01-25T13:40:25+00:00,purchase,73.610000
536,2334,2025-02-26T12:20:47+00:00,subscription,43.550000
537,2337,2025-02-22T20:28:07+00:00,purchase,142.800000
538,2346,2025-03-24T22:42:35+00:00,purchase,151.880000
539,2363,2025-03-12T01:24:35+00:00,purchase,71.540000
540,2375,2025-03-24T23:13:07+00:00,purchase,59.090000
541,2379,2025-02-01T09:38:11+00:00,purchase,33.140000
542,2387,2025-03-08T13:15:03+00:00,purchase,173.440000
543,2393,2025-03-25T02:26:10+00:00,subscription,36.110000
544,2400,2025-03-01T00:46:20+00:00,purchase,197.110000
545,2401,2025-03-19T01:33:36+00:00,purchase,190.640000
546,2403,2025-02-08T18:12:52+00:00,purchase,116.880000
547,2405,2025-03-10T22:21:36+00:00,purchase,185.340000
548,2408,2025-03-15T10:22:15+00:00,purchase,191.540000
549,2417,2025-01-20T10:46:35+00:00,purchase,205.760000
550,2419,2025-01-17T02:12:54+00:00,purchase,107.810000
551,2420,2025-03-17T14:58:39+00:00,purchase,206.830000
552,2423,2025-01-26T03:18:32+00:00,purchase,122.720000
553,2426,2025-03-29T14:50:15+00:00,purchase,162.060000
554,2432,2025-01-21T10:03:50+00:00,purchase,146.370000
555,2437,2025-01-26T18:50:57+00:00,purchase,132.660000
556,2446,2025-03-09T01:54:15+00:00,purchase,113.050000
557,2453,2025-01-28T15:51:13+00:00,subscription,12.590000
558,2456,2025-02-18T05:19:36+00:00,purchase,28.080000
559,2459,2025-03-28T23:59:04+00:00,purchase,195.370000
560,2475,2025-01-29T11:31:25+00:00,purchase,97.470000
561,2478,2025-01-11T10:35:21+00:00,purchase,27.140000
562,2486,2025-03-04T00:28:48+00:00,subscription,25.090000
563,2488,2025-03-27T15:07:06+00:00,purchase,185.590000
564,2491,2025-01-07T02:58:58+00:00,purchase,103.360000
565,2493,2025-01-04T18:31:54+00:00,subscription,16.870000
566,2498,2025-02-02T03:03:58+00:00,subscription,36.280000
567,2500,2025-01-13T01:40:25+00:00,purchase,107.800000
568,2502,2025-03-23T16:04:10+00:00,purchase,77.180000
569,2516,2025-01-16T22:05:31+00:00,purchase,205.820000
570,2519,2025-02-12T09:46:42+00:00,subscription,27.000000
571,2520,2025-03-24T16:40:18+00:00,subscription,48.550000
572,2521,2025-02-19T19:32:10+00:00,purchase,47.840000
573,2523,2025-02-19T14:19:35+00:00,purchase,186.050000
574,2526,2025-03-15T21:50:47+00:00,purchase,52.740000
575,2528,2025-01-11T11:27:51+00:00,purchase,152.560000
576,2529,2025-02-04T14:06:12+00:00,purchase,51.890000
577,2533,2025-02-05T11:11:50+00:00,purchase,53.350000
578,2544,2025-03-19T00:19:39+00:00,subscription,28.180000
579,2554,2025-02-07T04:47:20+00:00,purchase,170.240000
580,2556,2025-01-17T23:05:42+00:00,purchase,108.320000
581,2565,2025-02-24T16:59:21+00:00,purchase,88.300000
582,2567,2025-01-02T23:04:50+00:00,purchase,153.640000
583,2582,2025-02-20T20:57:59+00:00,subscription,18.900000
584,2587,2025-03-28T14:06:06+00:00,purchase,108.330000
585,2589,2025-03-29T13:16:05+00:00,subscription,22.700000
586,2591,2025-02-07T14:03:52+00:00,purchase,69.820000
587,2592,2025-03-29T06:44:52+00:00,purchase,42.930000
588,2593,2025-02-06T17:31:42+00:00,purchase,37.200000
589,2594,2025-02-09T17:42:10+00:00,purchase,140.110000
590,2597,2025-02-05T15:37:33+00:00,purchase,104.530000
591,2599,2025-01-20T19:31:12+00:00,purchase,165.070000
592,2607,2025-01-13T21:32:10+00:00,purchase,139.430000
593,2608,2025-01-18T09:55:15+00:00,purchase,189.080000
594,2618,2025-02-18T22:45:14+00:00,purchase,133.290000
595,2619,2025-01-17T19:01:58+00:00,purchase,51.540000
596,2622,2025-01-23T09:03:16+00:00,subscription,42.040000
597,2628,2025-02-25T06:59:18+00:00,purchase,86.620000
598,2641,2025-02-04T18:55:58+00:00,purchase,217.880000
599,2645,2025-03-26T21:37:26+00:00,purchase,206.350000
600,2648,2025-02-15T07:50:44+00:00,purchase,84.180000
601,2652,2025-03-08T22:14:49+00:00,purchase,213.260000
602,2666,2025-01-19T04:41:36+00:00,purchase,63.400000
603,2671,2025-02-23T06:23:28+00:00,purchase,79.700000
604,2676,2025-03-24T05:27:35+00:00,purchase,206.460000
605,2679,2025-01-26T08:53:59+00:00,purchase,94.240000
606,2700,2025-02-23T10:06:53+00:00,purchase,88.400000
607,2710,2025-02-01T10:05:52+00:00,purchase,27.430000
608,2717,2025-03-28T20:23:29+00:00,purchase,160.820000
609,2724,2025-03-22T13:54:58+00:00,purchase,78.570000
610,2732,2025-03-20T08:45:56+00:00,subscription,19.010000
611,2735,2025-02-07T20:26:45+00:00,purchase,182.970000
612,2736,2025-01-16T07:35:24+00:00,purchase,209.030000
613,2748,2025-03-25T20:46:07+00:00,subscription,49.360000
614,2757,2025-02-23T19:46:44+00:00,purchase,200.900000
615,2767,2025-01-08T06:42:54+00:00,purchase,95.520000
616,2778,2025-03-28T02:58:39+00:00,purchase,105.790000
617,2779,2025-03-15T03:19:08+00:00,purchase,123.270000
618,2783,2025-03-24T07:10:12+00:00,purchase,67.570000
619,2786,2025-03-29T12:05:38+00:00,purchase,207.290000
620,2787,2025-02-01T03:42:45+00:00,purchase,75.160000
621,2789,2025-03-29T00:14:47+00:00,subscription,46.980000
622,2790,2025-03-23T04:14:18+00:00,purchase,138.210000
623,2791,2025-03-14T16:24:17+00:00,purchase,83.220000
624,2794,2025-02-04T06:24:45+00:00,purchase,37.070000
625,2796,2025-02-02T20:59:58+00:00,purchase,211.220000
626,2804,2025-02-02T05:49:48+00:00,purchase,41.720000
627,2813,2025-03-08T15:36:30+00:00,purchase,182.640000
628,2816,2025-02-15T04:42:44+00:00,purchase,185.170000
629,2834,2025-01-13T07:21:06+00:00,subscription,20.680000
630,2835,2025-01-30T10:56:37+00:00,subscription,45.800000
631,2838,2025-03-18T16:27:15+00:00,purchase,73.710000
632,2839,2025-03-05T10:44:01+00:00,purchase,22.690000
633,2885,2025-03-27T12:14:42+00:00,purchase,188.430000
634,2888,2025-03-16T19:35:35+00:00,purchase,78.530000
635,2895,2025-01-20T07:53:20+00:00,purchase,58.440000
636,2897,2025-03-21T12:21:24+00:00,purchase,217.530000
637,2905,2025-01-23T13:31:33+00:00,purchase,144.010000
638,2909,2025-03-26T18:12:10+00:00,purchase,112.520000
639,2926,2025-03-05T11:09:46+00:00,purchase,86.870000
640,2927,2025-01-18T02:08:45+00:00,purchase,217.710000
641,2929,2025-03-02T00:58:40+00:00,purchase,88.920000
642,2932,2025-02-26T06:14:54+00:00,subscription,24.650000
643,2933,2025-02-06T05:15:01+00:00,purchase,173.590000
644,2936,2025-02-20T03:15:37+00:00,purchase,117.800000
645,2943,2025-03-24T00:31:28+00:00,purchase,205.930000
646,2952,2025-02-22T07:04:16+00:00,purchase,184.780000
647,2956,2025-01-21T02:33:42+00:00,purchase,48.450000
648,2961,2025-02-10T20:59:35+00:00,purchase,164.770000
649,2969,2025-03-30T05:36:17+00:00,purchase,111.310000
650,2978,2025-03-05T10:42:07+00:00,purchase,92.930000
651,2979,2025-02-12T11:58:35+00:00,subscription,30.240000
652,2985,2025-01-23T05:50:12+00:00,purchase,175.860000
653,2997,2025-02-18T15:43:36+00:00,purchase,37.220000
654,3002,2025-01-13T20:55:03+00:00,purchase,74.090000
655,3004,2025-02-15T02:27:47+00:00,purchase,102.050000
656,3008,2025-02-01T16:23:19+00:00,purchase,35.090000
657,3024,2025-01-26T16:09:45+00:00,subscription,10.430000
658,3025,2025-02-06T20:02:06+00:00,purchase,195.630000
659,3040,2025-03-25T14:26:12+00:00,purchase,57.620000
660,3045,2025-03-15T23:25:33+00:00,purchase,172.940000
661,3046,2025-02-15T06:25:32+00:00,purchase,93.790000
662,3047,2025-02-16T07:33:42+00:00,purchase,94.380000
663,3052,2025-03-21T11:56:44+00:00,purchase,83.940000
664,3053,2025-02-09T04:54:58+00:00,purchase,194.130000
665,3058,2025-01-30T08:17:38+00:00,purchase,67.330000
666,3065,2025-01-22T21:19:09+00:00,purchase,47.060000
667,3066,2025-03-06T16:17:43+00:00,purchase,118.370000
668,3078,2025-03-07T13:34:44+00:00,purchase,187.690000
669,3088,2025-02-10T16:31:46+00:00,purchase,146.820000
670,3089,2025-02-06T19:32:38+00:00,purchase,164.520000
671,3095,2025-02-19T01:06:26+00:00,purchase,148.620000
672,3097,2025-01-20T08:28:21+00:00,purchase,77.680000
673,3103,2025-03-23T05:07:35+00:00,purchase,118.470000
674,3110,2025-03-23T02:52:44+00:00,purchase,151.950000
675,3111,2025-02-01T17:32:27+00:00,purchase,182.120000
676,3114,2025-02-22T01:20:32+00:00,purchase,129.620000
677,3116,2025-02-19T08:11:40+00:00,purchase,187.850000
678,3136,2025-03-28T05:19:03+00:00,purchase,125.900000
679,3143,2025-03-22T07:48:34+00:00,purchase,60.430000
680,3154,2025-03-04T16:55:35+00:00,purchase,160.070000
681,3167,2025-03-05T07:12:17+00:00,purchase,114.290000
682,3169,2025-03-16T01:02:58+00:00,purchase,63.160000
683,3172,2025-03-10T15:18:35+00:00,purchase,137.060000
684,3175,2025-03-31T05:57:36+00:00,purchase,112.430000
685,3211,2025-02-12T08:55:29+00:00,purchase,125.250000
686,3217,2025-01-09T04:38:41+00:00,purchase,44.000000
687,3225,2025-03-12T16:57:55+00:00,subscription,45.160000
688,3229,2025-03-24T16:06:29+00:00,purchase,70.490000
689,3234,2025-01-13T04:35:29+00:00,purchase,75.520000
690,3235,2025-02-22T07:05:25+00:00,subscription,30.920000
691,3236,2025-03-06T02:47:32+00:00,purchase,131.900000
692,3252,2025-03-30T16:35:40+00:00,purchase,149.270000
693,3253,2025-03-03T14:53:17+00:00,subscription,27.580000
694,3259,2025-03-29T19:15:46+00:00,purchase,115.030000
695,3266,2025-03-19T05:55:26+00:00,purchase,21.570000
696,3268,2025-03-28T11:43:42+00:00,subscription,45.340000
697,3272,2025-03-10T03:25:53+00:00,purchase,124.000000
698,3274,2025-01-11T14:36:45+00:00,purchase,156.300000
699,3275,2025-01-17T18:43:22+00:00,purchase,151.620000
700,3276,2025-01-21T16:42:54+00:00,purchase,130.080000
701,3278,2025-02-23T15:49:36+00:00,purchase,81.990000
702,3281,2025-03-16T12:45:22+00:00,purchase,89.690000
703,3293,2025-01-14T16:45:49+00:00,purchase,47.510000
704,3297,2025-02-28T23:55:53+00:00,purchase,183.770000
705,3301,2025-03-09T22:23:28+00:00,purchase,38.290000
706,3304,2025-03-14T12:02:52+00:00,purchase,165.460000
707,3306,2025-03-23T06:36:31+00:00,purchase,72.650000
708,3327,2025-03-02T08:15:35+00:00,subscription,43.810000
709,3328,2025-01-18T10:21:00+00:00,purchase,187.650000
710,3332,2025-03-16T01:21:10+00:00,purchase,45.210000
711,3334,2025-01-20T23:12:26+00:00,subscription,20.590000
712,3339,2025-01-19T12:45:56+00:00,purchase,71.190000
713,3342,2025-01-07T18:39:12+00:00,purchase,156.840000
714,3343,2025-02-02T15:32:51+00:00,purchase,99.940000
715,3346,2025-01-17T19:09:57+00:00,purchase,168.710000
716,3363,2025-01-10T20:54:12+00:00,purchase,176.290000
717,3366,2025-03-10T22:32:46+00:00,purchase,131.400000
718,3376,2025-03-09T05:17:48+00:00,purchase,123.950000
719,3377,2025-02-22T02:03:42+00:00,purchase,157.650000
720,3379,2025-02-23T11:24:01+00:00,subscription,39.240000
721,3386,2025-02-20T01:16:04+00:00,purchase,21.670000
722,3389,2025-03-24T08:14:10+00:00,purchase,93.050000
723,3391,2025-01-18T05:44:20+00:00,subscription,29.070000
724,3396,2025-03-04T19:30:39+00:00,purchase,126.310000
725,3397,2025-01-26T05:48:22+00:00,subscription,28.390000
726,3398,2025-03-27T22:41:40+00:00,purchase,180.580000
727,3401,2025-03-28T04:08:31+00:00,purchase,216.900000
728,3413,2025-03-25T00:02:25+00:00,subscription,18.010000
729,3415,2025-02-07T08:13:39+00:00,purchase,135.320000
730,3416,2025-02-19T17:37:19+00:00,subscription,48.290000
731,3420,2025-02-08T14:36:05+00:00,purchase,79.320000
732,3422,2025-02-05T06:38:12+00:00,purchase,31.660000
733,3425,2025-03-12T10:22:32+00:00,purchase,93.720000
734,3438,2025-02-03T04:33:00+00:00,purchase,173.420000
735,3440,2025-03-09T15:56:55+00:00,purchase,179.860000
736,3441,2025-02-08T09:10:57+00:00,subscription,38.460000
737,3445,2025-02-15T06:55:32+00:00,purchase,167.970000
738,3462,2025-03-19T01:27:30+00:00,purchase,45.540000
739,3468,2025-02-18T01:49:30+00:00,subscription,37.040000
740,3471,2025-02-22T23:11:16+00:00,subscription,48.340000
741,3475,2025-03-20T03:42:27+00:00,purchase,61.920000
742,3476,2025-01-15T01:44:47+00:00,purchase,64.190000
743,3479,2025-01-16T21:53:19+00:00,purchase,40.000000
744,3496,2025-01-21T09:51:04+00:00,subscription,17.850000
745,3508,2025-02-27T01:01:51+00:00,purchase,116.060000
746,3512,2025-02-04T22:15:04+00:00,purchase,138.930000
747,3516,2025-03-21T01:22:39+00:00,subscription,47.990000
748,3540,2025-01-11T03:26:41+00:00,purchase,169.000000
749,3541,2025-03-29T21:05:36+00:00,subscription,12.930000
750,3542,2025-02-22T00:51:07+00:00,purchase,161.490000
751,3544,2025-02-21T10:43:08+00:00,purchase,193.980000
752,3549,2025-01-25T02:53:40+00:00,purchase,106.960000
753,3556,2025-03-17T08:46:42+00:00,purchase,141.900000
754,3559,2025-02-05T23:05:05+00:00,purchase,156.130000
755,3562,2025-02-05T22:50:41+00:00,subscription,18.250000
756,3564,2025-01-12T17:45:08+00:00,purchase,64.410000
757,3565,2025-01-12T01:39:50+00:00,purchase,77.180000
758,3566,2025-03-05T06:33:24+00:00,purchase,193.470000
759,3568,2025-03-06T07:57:33+00:00,purchase,109.680000
760,3595,2025-01-23T00:41:14+00:00,purchase,154.640000
761,3597,2025-02-09T09:20:19+00:00,purchase,218.700000
762,3607,2025-02-23T16:40:23+00:00,purchase,127.480000
763,3608,2025-01-24T20:31:37+00:00,purchase,177.480000
764,3617,2025-03-27T19:18:31+00:00,purchase,76.590000
765,3618,2025-03-29T08:04:52+00:00,purchase,164.590000
766,3624,2025-03-23T00:17:09+00:00,purchase,99.720000
767,3628,2025-03-14T12:55:23+00:00,purchase,153.950000
768,3632,2025-03-14T20:27:00+00:00,purchase,139.990000
769,3638,2025-01-30T03:50:56+00:00,purchase,153.210000
770,3647,2025-03-29T20:34:18+00:00,purchase,36.130000
771,3654,2025-02-24T04:18:39+00:00,purchase,85.100000
772,3657,2025-02-16T07:33:18+00:00,purchase,137.460000
773,3658,2025-03-28T02:19:28+00:00,subscription,19.690000
774,3662,2025-02-08T16:46:58+00:00,subscription,41.440000
775,3666,2025-02-21T21:44:59+00:00,subscription,10.280000
776,3675,2025-01-31T20:44:43+00:00,purchase,85.960000
777,3691,2025-01-10T12:53:55+00:00,subscription,25.450000
778,3696,2025-02-23T14:37:50+00:00,purchase,152.910000
779,3701,2025-01-15T09:32:47+00:00,purchase,45.120000
780,3718,2025-03-30T19:39:01+00:00,purchase,130.520000
781,3724,2025-02-10T03:59:21+00:00,purchase,179.290000
782,3733,2025-03-28T09:40:13+00:00,purchase,200.280000
783,3735,2025-03-03T18:42:07+00:00,purchase,171.350000
784,3737,2025-03-26T02:56:44+00:00,purchase,54.200000
785,3738,2025-02-23T15:22:52+00:00,purchase,175.630000
786,3741,2025-02-08T15:06:13+00:00,purchase,83.550000
787,3743,2025-01-24T18:39:50+00:00,purchase,185.590000
788,3750,2025-02-07T17:56:43+00:00,purchase,174.300000
789,3767,2025-02-17T09:05:19+00:00,purchase,85.730000
790,3768,2025-02-07T15:49:20+00:00,purchase,210.470000
791,3769,2025-02-26T00:19:44+00:00,purchase,175.530000
792,3778,2025-01-05T14:50:03+00:00,purchase,196.300000
793,3780,2025-03-05T00:39:22+00:00,purchase,96.240000
794,3782,2025-02-10T01:22:28+00:00,purchase,89.810000
795,3798,2025-01-12T07:25:13+00:00,purchase,46.250000
796,3809,2025-03-23T15:37:44+00:00,purchase,95.450000
797,3810,2025-03-03T21:56:02+00:00,purchase,54.390000
798,3812,2025-03-26T22:43:50+00:00,subscription,46.930000
799,3816,2025-03-30T10:56:45+00:00,subscription,29.690000
800,3821,2025-01-28T00:58:43+00:00,purchase,140.930000
801,3822,2025-03-12T02:42:48+00:00,purchase,21.370000
802,3825,2025-03-30T22:00:21+00:00,purchase,180.060000
803,3833,2025-03-04T20:35:02+00:00,purchase,120.750000
804,3848,2025-03-19T14:22:57+00:00,subscription,24.470000
805,3849,2025-03-01T22:27:04+00:00,purchase,25.520000
806,3867,2025-01-26T16:50:59+00:00,purchase,89.900000
807,3868,2025-03-03T12:30:06+00:00,purchase,215.020000
808,3869,2025-03-30T08:30:39+00:00,purchase,74.060000
809,3882,2025-03-13T10:23:44+00:00,subscription,44.420000
810,3901,2025-03-21T02:51:51+00:00,purchase,66.120000
811,3908,2025-02-07T01:15:34+00:00,purchase,129.260000
812,3915,2025-03-11T22:37:06+00:00,purchase,216.200000
813,3918,2025-02-11T02:23:07+00:00,subscription,25.460000
814,3922,2025-01-13T20:07:01+00:00,subscription,27.690000
815,3931,2025-02-28T06:09:06+00:00,purchase,42.350000
816,3938,2025-03-30T10:19:13+00:00,purchase,59.040000
817,3939,2025-03-11T21:12:47+00:00,subscription,43.110000
818,3952,2025-01-24T06:08:21+00:00,purchase,201.920000
819,3953,2025-02-01T18:58:36+00:00,purchase,94.360000
820,3955,2025-02-21T13:32:21+00:00,subscription,39.100000
821,3958,2025-01-14T06:20:51+00:00,purchase,88.680000
822,3961,2025-02-01T07:07:00+00:00,subscription,20.400000
823,3963,2025-03-07T14:30:29+00:00,purchase,123.130000
824,3967,2025-03-28T22:29:50+00:00,purchase,74.150000
825,3968,2025-03-04T23:49:00+00:00,subscription,47.320000
826,3971,2025-03-10T20:57:38+00:00,purchase,154.670000
827,3972,2025-03-22T17:36:14+00:00,subscription,45.420000
828,3976,2025-02-01T17:47:24+00:00,subscription,24.070000
829,3978,2025-03-06T18:49:15+00:00,purchase,155.210000
830,3979,2025-01-27T20:32:24+00:00,purchase,170.600000
831,3983,2025-01-30T23:11:17+00:00,purchase,205.810000
832,3986,2025-01-26T22:53:56+00:00,purchase,167.270000
833,3995,2025-03-02T19:04:59+00:00,purchase,151.780000
834,4000,2025-02-07T19:19:53+00:00,purchase,55.790000
835,4005,2025-01-23T20:40:39+00:00,purchase,79.710000
836,4007,2025-02-04T22:02:11+00:00,purchase,166.910000
837,4019,2025-01-26T16:11:53+00:00,purchase,53.640000
838,4031,2025-02-24T06:32:56+00:00,subscription,22.970000
839,4033,2025-02-23T14:20:03+00:00,subscription,41.230000
840,4035,2025-01-13T20:08:33+00:00,purchase,57.670000
841,4038,2025-01-19T06:32:59+00:00,purchase,207.980000
842,4043,2025-01-31T16:26:20+00:00,purchase,188.860000
843,4045,2025-02-21T00:50:41+00:00,purchase,122.680000
844,4048,2025-03-28T19:19:34+00:00,purchase,103.220000
845,4054,2025-03-23T12:45:55+00:00,purchase,28.560000
846,4055,2025-03-26T00:36:34+00:00,purchase,80.450000
847,4057,2025-03-30T12:58:02+00:00,purchase,88.610000
848,4066,2025-03-23T08:29:21+00:00,purchase,58.520000
849,4071,2025-02-20T10:03:16+00:00,purchase,188.250000
850,4075,2025-03-22T12:17:37+00:00,purchase,92.110000
851,4083,2025-03-07T19:58:25+00:00,purchase,70.430000
852,4099,2025-02-12T07:46:11+00:00,purchase,58.210000
853,4113,2025-02-15T16:21:02+00:00,purchase,27.220000
854,4116,2025-03-30T19:56:59+00:00,purchase,77.650000
855,4120,2025-03-20T03:58:42+00:00,purchase,107.620000
856,4133,2025-02-05T00:10:24+00:00,subscription,21.440000
857,4135,2025-03-28T14:37:36+00:00,purchase,168.250000
858,4138,2025-01-06T10:09:24+00:00,purchase,50.670000
859,4143,2025-02-07T21:57:47+00:00,purchase,151.250000
860,4156,2025-01-30T05:07:47+00:00,purchase,214.430000
861,4162,2025-03-21T08:19:19+00:00,purchase,89.350000
862,4164,2025-02-24T07:09:00+00:00,purchase,145.190000
863,4169,2025-01-26T17:26:10+00:00,purchase,117.840000
864,4170,2025-02-17T21:23:43+00:00,purchase,26.180000
865,4178,2025-01-25T14:50:05+00:00,purchase,162.480000
866,4183,2025-03-25T05:47:51+00:00,purchase,212.480000
867,4189,2025-03-14T10:57:58+00:00,purchase,122.480000
868,4191,2025-02-26T03:07:35+00:00,subscription,11.310000
869,4198,2025-02-16T14:48:40+00:00,purchase,210.430000
870,4199,2025-01-15T05:48:12+00:00,purchase,199.430000
871,4206,2025-02-09T03:06:16+00:00,subscription,13.050000
872,4212,2025-02-25T19:42:50+00:00,purchase,26.480000
873,4213,2025-01-11T22:33:40+00:00,purchase,147.700000
874,4218,2025-03-07T11:54:40+00:00,subscription,27.320000
875,4219,2025-01-22T05:17:13+00:00,purchase,40.480000
876,4221,2025-02-26T10:53:43+00:00,subscription,12.010000
877,4223,2025-01-21T05:49:41+00:00,purchase,155.140000
878,4238,2025-03-29T13:54:17+00:00,purchase,23.500000
879,4256,2025-01-20T21:50:06+00:00,purchase,83.960000
880,4266,2025-02-12T22:41:46+00:00,purchase,62.900000
881,4267,2025-03-19T11:23:12+00:00,purchase,180.760000
882,4278,2025-02-05T12:17:20+00:00,purchase,138.250000
883,4286,2025-02-18T20:27:37+00:00,purchase,143.390000
884,4288,2025-03-28T11:41:29+00:00,purchase,185.110000
885,4290,2025-02-21T04:16:48+00:00,subscription,11.640000
886,4291,2025-03-24T08:19:58+00:00,purchase,207.300000
887,4293,2025-02-19T17:20:00+00:00,purchase,174.390000
888,4296,2025-03-09T03:52:43+00:00,subscription,18.140000
889,4300,2025-03-05T13:55:27+00:00,subscription,15.940000
890,4303,2025-03-01T06:39:10+00:00,purchase,169.310000
891,4304,2025-01-21T12:21:20+00:00,purchase,92.700000
892,4307,2025-03-29T19:27:50+00:00,subscription,12.370000
893,4315,2025-01-18T03:22:59+00:00,purchase,57.770000
894,4318,2025-03-27T11:44:04+00:00,purchase,208.120000
895,4324,2025-03-15T20:26:56+00:00,purchase,174.830000
896,4325,2025-02-03T17:07:42+00:00,purchase,91.500000
897,4328,2025-03-22T21:07:38+00:00,purchase,102.620000
898,4335,2025-01-20T09:00:38+00:00,subscription,37.290000
899,4342,2025-02-22T22:40:06+00:00,purchase,79.060000
900,4345,2025-03-03T00:56:39+00:00,purchase,141.400000
901,4346,2025-03-05T04:50:13+00:00,subscription,11.690000
902,4350,2025-03-24T09:38:02+00:00,subscription,10.290000
903,4361,2025-01-26T13:59:46+00:00,purchase,100.090000
904,4363,2025-01-22T03:44:39+00:00,purchase,126.250000
905,4366,2025-02-02T09:40:08+00:00,purchase,47.740000
906,4373,2025-03-07T17:23:32+00:00,purchase,27.510000
907,4375,2025-03-27T09:32:38+00:00,purchase,174.180000
908,4377,2025-01-14T18:15:46+00:00,purchase,73.650000
909,4392,2025-01-05T19:00:49+00:00,purchase,80.840000
910,4395,2025-03-03T04:23:29+00:00,purchase,33.380000
911,4406,2025-02-25T12:08:34+00:00,purchase,85.650000
912,4407,2025-02-17T00:52:43+00:00,purchase,25.070000
913,4410,2025-03-27T10:26:14+00:00,purchase,208.380000
914,4411,2025-01-31T09:21:20+00:00,subscription,20.050000
915,4414,2025-03-26T15:17:02+00:00,purchase,102.940000
916,4415,2025-02-12T22:04:01+00:00,purchase,60.020000
917,4418,2025-03-30T12:50:52+00:00,purchase,172.130000
918,4424,2025-02-16T08:46:25+00:00,subscription,24.950000
919,4425,2025-02-06T22:54:22+00:00,purchase,189.240000
920,4430,2025-03-07T04:56:59+00:00,purchase,55.260000
921,4432,2025-03-26T23:09:57+00:00,purchase,87.940000
922,4434,2025-03-20T04:41:45+00:00,purchase,132.300000
923,4437,2025-03-26T01:40:57+00:00,subscription,40.200000
924,4445,2025-03-09T02:52:23+00:00,subscription,15.530000
925,4446,2025-01-29T06:13:18+00:00,purchase,219.740000
926,4450,2025-01-15T04:41:06+00:00,purchase,169.200000
927,4452,2025-01-07T02:30:58+00:00,purchase,70.830000
928,4460,2025-03-29T13:20:22+00:00,purchase,121.470000
929,4467,2025-01-20T19:20:44+00:00,subscription,20.920000
930,4472,2025-02-07T09:45:44+00:00,purchase,105.160000
931,4483,2025-03-07T16:01:26+00:00,subscription,10.730000
932,4486,2025-03-23T18:59:17+00:00,purchase,49.030000
933,4491,2025-01-10T12:50:48+00:00,purchase,134.110000
934,4495,2025-01-15T02:07:44+00:00,purchase,131.530000
935,4496,2025-01-20T16:18:37+00:00,purchase,143.250000
936,4497,2025-02-25T10:16:22+00:00,purchase,40.010000
937,4502,2025-03-09T14:23:25+00:00,purchase,29.900000
938,4505,2025-03-14T13:05:31+00:00,subscription,44.810000
939,4506,2025-02-27T20:44:15+00:00,purchase,114.930000
940,4507,2025-02-27T20:41:14+00:00,subscription,29.590000
941,4514,2025-01-12T03:44:05+00:00,purchase,119.080000
942,4529,2025-02-27T15:52:08+00:00,subscription,28.390000
943,4541,2025-01-20T23:34:50+00:00,purchase,215.680000
944,4550,2025-02-19T21:48:06+00:00,purchase,157.430000
945,4557,2025-03-15T02:29:22+00:00,subscription,17.060000
946,4562,2025-03-22T04:31:16+00:00,purchase,207.730000
947,4569,2025-02-08T12:37:46+00:00,purchase,158.480000
948,4573,2025-03-23T23:24:54+00:00,purchase,69.750000
949,4579,2025-02-15T20:16:43+00:00,purchase,206.040000
950,4586,2025-03-29T13:39:40+00:00,purchase,205.540000
951,4589,2025-02-26T03:52:35+00:00,subscription,29.050000
952,4591,2025-03-16T09:17:55+00:00,purchase,68.890000
953,4596,2025-02-18T09:42:07+00:00,subscription,26.900000
954,4602,2025-01-06T22:46:53+00:00,purchase,163.100000
955,4618,2025-03-28T12:32:59+00:00,purchase,57.550000
956,4625,2025-02-28T03:12:48+00:00,purchase,154.060000
957,4627,2025-01-21T23:59:11+00:00,purchase,46.210000
958,4630,2025-01-15T23:54:09+00:00,purchase,130.990000
959,4632,2025-02-16T02:16:15+00:00,subscription,16.930000
960,4641,2025-02-04T03:30:39+00:00,purchase,161.320000
961,4648,2025-02-15T00:40:31+00:00,purchase,24.660000
962,4657,2025-03-15T02:17:58+00:00,purchase,136.120000
963,4666,2025-01-19T18:36:35+00:00,purchase,40.040000
964,4674,2025-01-21T12:38:40+00:00,subscription,18.580000
965,4679,2025-02-22T18:48:17+00:00,purchase,81.860000
966,4688,2025-02-15T06:35:25+00:00,purchase,174.000000
967,4691,2025-02-10T15:26:57+00:00,purchase,58.290000
968,4692,2025-01-08T07:09:25+00:00,purchase,200.740000
969,4698,2025-02-25T05:39:50+00:00,purchase,203.560000
970,4700,2025-01-13T15:01:05+00:00,purchase,187.300000
971,4702,2025-02-24T01:23:20+00:00,purchase,162.740000
972,4708,2025-02-04T14:28:11+00:00,purchase,32.230000
973,4713,2025-03-29T00:51:51+00:00,purchase,31.250000
974,4714,2025-03-27T11:37:28+00:00,subscription,22.340000
975,4729,2025-03-28T20:09:02+00:00,purchase,160.820000
976,4732,2025-02-02T21:26:57+00:00,purchase,82.480000
977,4737,2025-03-03T09:30:18+00:00,purchase,174.790000
978,4738,2025-03-26T17:28:35+00:00,purchase,92.080000
979,4749,2025-01-13T00:50:56+00:00,purchase,86.010000
980,4763,2025-03-21T16:56:32+00:00,purchase,216.030000
981,4780,2025-03-11T12:14:47+00:00,subscription,32.450000
982,4786,2025-01-25T06:42:45+00:00,subscription,34.100000
983,4795,2025-03-30T02:53:50+00:00,purchase,99.400000
984,4798,2025-03-19T05:32:30+00:00,purchase,199.920000
985,4799,2025-03-20T04:12:29+00:00,purchase,32.720000
986,4806,2025-02-18T09:24:37+00:00,purchase,65.700000
987,4811,2025-01-22T17:46:32+00:00,purchase,166.290000
988,4826,2025-03-15T13:45:19+00:00,subscription,41.090000
989,4832,2025-01-27T07:20:55+00:00,purchase,179.920000
990,4833,2025-02-09T07:19:16+00:00,purchase,167.010000
991,4840,2025-03-26T23:30:37+00:00,purchase,104.750000
992,4843,2025-01-19T09:08:31+00:00,purchase,71.020000
993,4856,2025-02-15T11:18:29+00:00,purchase,21.860000
994,4860,2025-01-29T20:33:36+00:00,purchase,30.180000
995,4866,2025-03-09T09:21:50+00:00,purchase,113.540000
996,4867,2025-02-12T11:02:32+00:00,purchase,138.240000
997,4874,2025-02-06T02:53:41+00:00,purchase,163.710000
998,4879,2025-03-29T19:23:51+00:00,purchase,121.390000
999,4885,2025-03-06T10:56:31+00:00,purchase,30.040000
1000,4888,2025-03-28T02:47:03+00:00,purchase,154.700000
1001,4889,2025-03-06T14:24:10+00:00,purchase,180.620000
1002,4899,2025-02-04T09:28:22+00:00,purchase,132.050000
1003,4917,2025-02-28T03:53:08+00:00,purchase,40.480000
1004,4921,2025-03-20T20:38:41+00:00,subscription,25.130000
1005,4930,2025-03-12T10:51:13+00:00,purchase,72.250000
1006,4933,2025-02-24T14:25:11+00:00,subscription,28.540000
1007,4935,2025-02-20T21:35:25+00:00,purchase,75.950000
1008,4938,2025-03-16T18:31:35+00:00,purchase,185.220000
1009,4940,2025-03-27T12:47:16+00:00,purchase,209.400000
1010,4941,2025-01-19T07:25:33+00:00,subscription,47.830000
1011,4944,2025-02-27T16:03:01+00:00,purchase,119.560000
1012,4946,2025-03-20T16:32:42+00:00,purchase,65.500000
1013,4947,2025-02-02T10:49:39+00:00,subscription,39.830000
1014,4949,2025-01-15T11:40:20+00:00,subscription,14.630000
1015,4957,2025-03-27T08:17:25+00:00,purchase,78.030000
1016,4958,2025-01-21T20:12:16+00:00,subscription,14.760000
1017,4963,2025-01-28T12:42:04+00:00,subscription,25.130000
1018,4992,2025-02-06T01:23:14+00:00,purchase,219.670000
1019,4997,2025-03-17T21:59:57+00:00,subscription,19.250000
