creative_id,campaign_id,creative_name,creative_type,created_at
1,1,Brand Search Variant 1,text,2024-12-31T00:00:00+00:00
2,1,Brand Search Variant 2,text,2024-12-31T00:00:00+00:00
3,1,Brand Search Variant 3,text,2024-12-31T00:00:00+00:00
4,2,Generic Search Variant 1,text,2024-12-31T00:00:00+00:00
5,2,Generic Search Variant 2,text,2024-12-31T00:00:00+00:00
6,2,Generic Search Variant 3,text,2024-12-31T00:00:00+00:00
7,3,Prospecting Variant 1,image,2024-12-31T00:00:00+00:00
8,3,Prospecting Variant 2,image,2024-12-31T00:00:00+00:00
9,3,Prospecting Variant 3,image,2024-12-31T00:00:00+00:00
10,4,Retargeting Variant 1,image,2024-12-31T00:00:00+00:00
11,4,Retargeting Variant 2,image,2024-12-31T00:00:00+00:00
12,4,Retargeting Variant 3,image,2024-12-31T00:00:00+00:00
13,5,Awareness Display Variant 1,image,2024-12-31T00:00:00+00:00
14,5,Awareness Display Variant 2,image,2024-12-31T00:00:00+00:00
15,5,Awareness Display Variant 3,image,2024-12-31T00:00:00+00:00
16,6,Retargeting Display Variant 1,image,2024-12-31T00:00:00+00:00
17,6,Retargeting Display Variant 2,image,2024-12-31T00:00:00+00:00
18,6,Retargeting Display Variant 3,image,2024-12-31T00:00:00+00:00
19,7,Partner A Variant 1,text,2024-12-31T00:00:00+00:00
20,7,Partner A Variant 2,text,2024-12-31T00:00:00+00:00
21,7,Partner A Variant 3,text,2024-12-31T00:00:00+00:00
22,8,Partner B Variant 1,text,2024-12-31T00:00:00+00:00
23,8,Partner B Variant 2,text,2024-12-31T00:00:00+00:00
24,8,Partner B Variant 3,text,2024-12-31T00:00:00+00:00
25,9,Awareness Video Variant 1,video,2024-12-31T00:00:00+00:00
26,9,Awareness Video Variant 2,video,2024-12-31T00:00:00+00:00
27,9,Awareness Video Variant 3,video,2024-12-31T00:00:00+00:00
28,10,Product Video Variant 1,video,2024-12-31T00:00:00+00:00
29,10,Product Video Variant 2,video,2024-12-31T00:00:00+00:00
30,10,Product Video Variant 3,video,2024-12-31T00:00:00+00:00
